Arabic_text,ar:manual_sentiment,ar:manual_confidence
خصوصا الشركات لأنو رح تكون هدف سهل لمحاولت اختراق سيرفر الشبكة التجارية ,Negative,0.8231
ألفين مبروك أخي تميم يعني والله بتستاهل فعلاً لأنك رجال معدَّل وأبضاي وزكرت والله ... ,Positive,1.0
يآأاساتر مين هووون بشوووف ,Negative,0.7474000000000001
يعني اذا كنت انا صاحب شركة كمان ما رح اخد غير الوجه الحسن ,Positive,0.49610000000000004
وحتى بالعدوان كانوا شركاء في مجزرة مروحين ... ,Negative,0.9124
أنو ربي قطة تكون صغيرة و ربيها أنا وتحبني شغلة حلوة مو ... ,Positive,1.0
ونضول كنت اشتريت فيا تياب ومكياجات وعملت حفلة كبيرة بلا مناسبة بس نوع من البريستيج والقنفشة ,Positive,0.4419
والموضوع كله هفة الغاء الدين الاسلامي وبالتدريج من حياة اولادنا ومن حياتنا هاد مو من حق ,Negative,0.8988
شو مطولة ستي واشملكم ريحة عطر راششتو على حالها .. ,Positive,0.5029
و بتمنى كون صديقة بيناتكن يا احلى منتدى ,Positive,1.0
هنن أوسخ وأوطى من أنو يحكوا على المرحوم حافظ الاسد ,Negative,1.0
و عاقبال ما نشوفك ... دكتور ناجح بإذن الله ... ,Positive,1.0
٢ بالأولى ووحدة بالتالتة .. إلا مادة السنة التانية ماعم تترفع .. ,Negative,0.7261000000000001
ولا عندها مشكلة لو تمت سنة .. قبل العرس .. ,Positive,0.3997
بختار اشكي لحالي وما أظلمه معي ,Negative,0.8198000000000001
قبل كمن سنة ... ولما توافدو اليهود من كل مناطق العالم ,Negative,0.5396000000000001
والله مبينة الوحدة الوطنية كتير منيح من تعليقات هالناس المعقدين ,Negative,0.7982
وصرت تسمع كلمة ممنوع الوقفة هون من واحد ما بيسوى فرنك ونص ,Negative,0.9084000000000001
كيف ... لما بتكون عما تقدم امتحان ووحدة صوبك عما تعلك ... ,Negative,0.7041000000000001
واللي مابتعرفه ياسيدي الكريم أو بجوز بتعرف وماذكرته انه مو الصيدلاني اللي عطاه الإبرة !! ,Negative,0.7106
والمتمرد يحترمه الكبار والصغار ؟؟ ,Negative,0.5469
كل عام وانتي بالف خير يا عمو والله يجعل ايامك كلها حلوة وناطرين رجعتك مشان الكاتووو و القهوة وعقبال فرحة التخرج .  ,Positive,1.0
لأن فيها خربان بيت متنل العين بالعن والسن بالسن ,Negative,0.9072
يعني في مخالفة ١٠٠٠ ليرة ؟ ,Negative,0.5112
انا بدعو صحبتكم لاحدي المواقع من جميع الانواع اضغط هنا ميمو ,Positive,0.6444000000000001
ملكة الحب ملاحظه جيده والله كنت بسألهم اليوم ليش مختفين بس الاختبار شغلني ان شاء الله اوفيكم بالاخبار عنهم «:confused:»  ,Positive,0.8993
ويتربى بعز ودلال والديه ان شاء الله ومبرك الك ,Positive,1.0
مواضيعك دائما مميزة .. ,Positive,0.9005000000000001
انو اللي لابسين البدلات يعني كتير عوكات وفايتين ,Negative,0.7363000000000001
في اشخاص بالأصل هنن عندون انفصام وأمراض نفسية بحاولو انو يعملو شي للفت الانظار ,Negative,1.0
حك راسه يحاول يتذكر وقال أجل أنا وين حطيت القلم ! ؟ ,Neutral,0.6039
وانا والمشاغب ... حنكون السبب «:d» ,Positive,0.5392
يلا تجربة أبتعادك جابت نتيجة واحلى نتيجة ,Positive,0.9012
بس يوم عالمي كمان بيستحق كل النسة هو والمرأة أكيد ,Positive,0.7057
خزيت العين عنك الله يحميك ,Positive,1.0
وطلع ضغطنا ونزل شي عشرين مرة خصوصي آخر شي المنتخب السعودي كان ضعيف مبارح ,Negative,1.0
إخواني قواكم الله وحفظكم ونصركم لكن بس المدونات بدها شكل أجمل وأكثر نظاما فقط حتى نرتفع باعلام القضيه ومعكم ان شاء الله  ,Positive,0.6882
ولا اقوى رافعة بالدنيا بترفعك عن الارض ,Negative,0.7017
واللي بيقول انا ضد تنظيم الدعاره بكرا بتشوفواول واحد واقف على الدورليفوت ويقضي شهوته ,Negative,1.0
لأنو انت وامثالك اذا بتستمروا في الاعتراض فقط ,Negative,1.0
بمسح دمعتها وبخفف عنها ,Positive,0.7259
بس ماحبيتها منك انو سبقتني مو نحنا متفقين نخطب سوا المهم سبقتني للخير . . . ,Positive,0.6955
يعني عم ياكلوا من ورى عرق و تعب الداعرات هلا ، ,Negative,1.0
يا ريت جسمك هالحلو بياخد عمر ,Positive,0.9043
فالاغلبية ما الكل ما بيسدقو يشوفوا واحد عم يبتسملون او وحدة واقفة ,Negative,0.6079
يا أخي هلكتنا وتعبتنا وفوتتنا بميت حيط ... ,Negative,1.0
ألف مبروووك والله يعينك على هالمسؤولية والأمانة بس أنت قدها وقدووود الله الله يا فتى القمة أقنعهم يغيرون ما تحت معرفي من كاتب جديد إلى أي شيء إذا قدرت تقنعهم بهالشي تكون فعلا ً شي .. ,Positive,1.0
او بكون عنجد انو عم يساعدها و هيي مجرد صديقة ,Positive,0.7211000000000001
تخرجت من الجامعة بمعدل ممتاز وما تعينت بالكلية ، وبنفس السنة ع الدورة التكميلية عينوا بالكلية ثلاثة من الطلاب معدلاتن «زفت» . ,Negative,0.7487
اي شو هالشاعرية لشام ينالك يا شام شقد الناس بتحبك وانا وحدة منن مع انوا ما زرتا غير ٥ مرات وبالبرد كمان  ,Positive,0.8004
يعني بالعاميه ياروح يمين ياروح شمال ,Negative,0.4146
عفوا أختي على الخطا الكتابي ,Positive,0.40490000000000004
أو غلطة لاتغتفر ... ,Negative,0.7169
لا تحوي على صور عالية التقنية .. ,Negative,0.525
فرجينا همتك ونشاطك ومواضيعك الحلوة ومناقشاتك الحكيمة ,Positive,0.9053
بس الزنب مش عليه الزنب على المفتشيين ,Negative,1.0
يالله لنشوف حركوا النقاش وسخنوه لكي نصل الى الحقيقة المفقودة ,Positive,0.6395000000000001
مبلى اخي كل الموظفين بيعانوا من هل الحالة مو بس انت ,Negative,0.9134
ولخمهـ بلآش بلآش خلي آلأحزآن بعيدهـ ,Positive,0.6053000000000001
معقول هالسؤال ... ,Negative,0.5131
كلياتنا منعرف أنو حضرتك هو رقم واحد ... ,Positive,0.6111
كان بودي نقل هذا ألأدراج أيضا بس ما بدي تقل عليك ,Positive,0.4061
ارجو افادتنا لانه مسافرين الاسبوع الجاى على غزه من السعوديه وشكرا ,Neutral,0.7326
وبتجنن طريقة سردك لإلو ... ,Positive,1.0
والله عطونا فرحة وأمل ورفعولنا معنوياتنا في بلاد الغربة . ,Positive,0.907
وارسم في خيالك شعب بيتحسر ,Negative,1.0
كل يلي بيحرك العالم هلأ هم اليهود ونحنا قاعدين وراضيين بكل الاحتيالات ,Negative,0.9237000000000001
الوسيط أنت فارس الكلمة وجزاك الله ألف خيراً على هالموضوع أنت مواضيعك طيبه مثلك للعلها في ميزان أعمالك عبدالله وبس ، عملاق القمة المتواضع  ,Positive,1.0
بس بوعدكن أنو اكون صديقة للجمعية .. ,Positive,1.0
كنت امرق من عشر سنين لهلق قدام هالسيارة ,Negative,0.39880000000000004
وانت نقلت القصيده بقى الاعتراض اكيد مو عليك او شي ,Negative,0.39880000000000004
وانتا مش عارف اصلا كيف عاملينها وشو حاطين فيها .. ,Negative,0.8082
شكلي رح اقلب على الخط مسبق الدفع .. ,Neutral,0.4652
شي مو طبيعي ضغطي ارتفع من الحكي الي كاتبينو فعلا حثاله الي عامل هاد البيج ... حسبنا الله ونعم الوكيل ,Negative,1.0
ممم ممم حضور فطور إي ليش لأ بنحضر أخي أنا حضور وممكن جيب معي إختي إخواتي بنات خالتي بنات عمتي بنات الجيران إي ما علينا  ,Positive,0.5962000000000001
يعني تفوقنا على المصريين بهالمجال ... ,Positive,0.7010000000000001
لاتقلي على الشباب عن جد مومعئولين يعني بدنا نضحك ولانزعل ولا شو ؟؟  ,Negative,0.5135000000000001
من اراد ان يتزوج على الطريقة الشرعية فهنيئا له من كل قلبي ,Positive,1.0
اذا حب يتكحل يتكحل وين المشكلة ,Positive,0.4541
أتعس لحظات بعيشها هاي اللحظات ,Negative,1.0
الله يبعد عن الطائفية ,Positive,0.6058
ولكو ايش هالموضوع القديم طلع غبره ,Negative,0.7347
يعني لو نحنا هيدي الـ«لو» ما بطيقها ,Negative,1.0
الكويت بلد نحترمه ونقدرها اعتقد النظام المعفن اللى فيها نظام بال عليه الزمن زى اللى عندنا بالظبط داهيه تاخدهم هما الاتنين  ,Negative,0.8185
يعطيك العافيه اول ما شفت الصور استغربت اول مره اشوفهن وارتحت انا مو بس انا اللي ما يعرفهن على العموم بالعااافيه  ,Positive,0.6954
هاااي علا الامورة شايفة كيف اكيد ياقمر انو كل الي اسمون علا ظراف وحبوبين ولطاف وبجنننو ,Positive,1.0
ويتفش البك براحتك بدون خجل ,Positive,0.712
وينظف البيئه ,Positive,0.6987
«3:» ليش بصلتك محروقة ودايما مستعجلة في الحكم على الاخرين ؟ ,Negative,1.0
ههه لك ياظالم كل هيدي الصفات فيي وأنا ماعندي خبر ههه ,Negative,0.5032
عم بمزح معكون اصحكون تزعلو ... ,Positive,0.3458
على حب البلد ونظافتها باغلاق المحلات لأيام وغرامة مالية ,Positive,0.31120000000000003
أنا بصراحة ما بتابع الفضائية السورية برامجها ما بتشد ,Negative,0.9036000000000001
بس عارف حالو غشيم لذلك بيسكت وبيسدّ بوزو وما بيحكي لحتى ما يفضح حالو ,Negative,0.8966000000000001
ايـــ ه دنيا عجيبة غريبة تكفنوني على هل الشغلة ,Negative,0.7194
لا يغني عن معالجة اخلاقية للسلوكيات الخيانية لدى العديد من اطراف هالحرب . ,Negative,0.912
لا نهر و لا بطيخ نحن للأسف ما ممكن نصير خلق ,Negative,1.0
رجاءا ما تدخلو عليها وتغلبو حالكم وتنزلو شتم .. ,Negative,0.8991
و نصير نتفرّج كيف عم يندكّ ,Negative,0.8181
يعطيك العافية جورية عندي فكرة اذا حدا عندو موشحات اواناشيد يحطها في المنتدى ,Positive,0.8227
هل اصبح الضحك حقاً قناعاً نواجه به الأشخاص ... ,Negative,0.9032
وفيها اماكن خرج تنزار . ,Positive,0.7165
وأيضاً إن طلق الزوج زوجته طلاق الثلاث كأن يقول لها أنت طالق ثلاثاً ، ,Neutral,0.7306
الحمد لله انو ما ولد بالعراق ,Negative,0.7061000000000001
بس بتعرفو انه خلص صرنا اصدقاء ,Positive,1.0
إذا مفكر حالك حضاري فاحترم قانون السير ,Negative,0.8639
اففف احم مبروك اي والله بتستاهل ,Positive,1.0
وهدا الشي يمكن عمنلمسو هلق اكتر من قبل ,Neutral,0.4959
أهلا فيك نونو شرفت وتكرم عيونك هي أحلى ئطعة كاتو وكاسة عصير كرمالك يا غالي ,Positive,1.0
و بنعمل عرسنا بمنتدى شباب لك أنا مع الأخ «voodoo» بكلامه ، ,Positive,0.8353
يابختهم صحبات ماما  ,Positive,0.7373000000000001
أنا ذهلت شو يعني يخلع نيعك ؟؟؟ ,Negative,0.8008000000000001
و على كل حال اكيد هلء الايميلات عندكم رح تمتلىء من المعجبين مو هيك ؟؟؟ ,Positive,0.8053
وليس من اجل كلام الناس والبورظه ,Negative,0.507
صبري وحتسبي إذا كنتي بتحبي ,Positive,0.6347
كل عام وانتم بالف خير ,Positive,1.0
الحياة حلوة بس نفهمها ..  ,Positive,1.0
انتبهو يا عالم سرقه الاعضاء متفشيه صارت بالبلد و عم يوم عليها اطباء معروفين فلا تامنو بالاطباء بسوريا بشكل عمياني ,Negative,0.9127000000000001
لك هاتو مفاتيحها لنعمل فتلة بالعريس «dr.fox» ,Positive,0.7259
يعني ما بدها كتيير تعليق واضحة ,Neutral,0.40190000000000003
راح ينجح ,Positive,1.0
واللي تسكت تستاهل .. ,Negative,0.8959
وبتعسف عليك ضبوها هل سيرة بقا وحلنا نعرف كيف نسامح بعض ما حلنا ؟؟ حلنا !! ,Negative,0.5465
بلأسلحه المحظوره و القتل و القصف و الجنود المحبطين يلي بدهم يلاقوا متنفث لهم ,Negative,0.7961
وليس لكيفية قضاء يومه ومايفعله بحياته الخاصة ,Neutral,0.5997
تعرفت على الموقع عن طريق كاميليا صديقتي . هوه انا كنت بعرف قمر لبنان من قبل بس انقطعت علاقتنا فتلرة تقريبا سنه بعدين رجعنا اجتمعنااا هوون ,Positive,0.4636
و محاولة دفاع عقيمة عن النفس بإنو عمبحاول يترك مدخل محلو مفتوح ,Negative,0.7596
عم يحذرك من نادي الشريرات شو عامليلك نحنا ... ,Negative,0.6385000000000001
ليك عيني المجتمع بلا تفكير هو المجتمع اليتيم ,Negative,0.9121
بعد ناقصهن نلعب معن لعبة البروباغندا و الاعلام الحربي ,Negative,0.9198000000000001
ما رح اطول بالحكي بس عنجد اشتقنالهم ولوجودهم معنا الاخ دارك فايروس قال عمالقة اصدو انهم عمالقة بحضورهم ومكانتهم بيننا  ,Positive,0.6389
يقووول بحرووور ان كلمة مبروك غلط لغويا ,Neutral,0.5052
بل بظن انهم ورود ممكن يستخدموا اشواكهم وقت الضرورة ,Negative,0.8014
«1-» يا ريت تكبروا مساحة النادي الرياضي و قاعات الايروبيك ,Positive,0.49670000000000003
دخيلك ما فيها شيء و انا مستغرب انه في شاب حتى الان هو بتول . ,Negative,0.5146000000000001
انشاء الله تكمل معنا وما نصير متلك ,Positive,0.5845
لاء ومابدا العالم تفهما غلط يخزل العين عنا اييي دنيا كل واحد بيعبر بطريقتو ,Positive,0.6000000000000001
بس المهم أنته ما تتغير وتبقى مخلص ,Positive,0.8991
انا بقول انو جامعة الازهر فاشلة  ,Negative,1.0
بجد هيك موضوع معقد ,Negative,0.8995000000000001
البلد كلو بدو نفض من فوق لتحت مو بس شوارع .. ,Negative,1.0
محمود .. انا ممكن اجاوبك ع سؤال اللي موجه لنغم .. ,Neutral,0.598
والله انك من الاساتذة فيه والله لا يحرمنا من مشاركاتك . ,Positive,1.0
ونتمنى اللحقه الجاي تكون فيها اكشن أكتر من هيك ,Negative,0.401
ويوم ميلاد سعيد انشاللله وسلااامييي ابئا تزكريني ملاك هه يوم ميلادي ,Positive,1.0
و فعلا الواحد بأوقات معينة بيحتاج لأنو يسرح بهالكون ويتأمل فيه ,Positive,0.8012
وخلص وعد علي لادخل كل يوم واعيلك  ,Positive,0.6878000000000001
اذا عصبي منشان ما تاكلي قتلة . ,Negative,0.8242
النت برأيي انا وسيلة للتعارف والتسلية ,Positive,0.5986
يعني الثقافة الجنسية أبدا مانا عيب او حرام ,Positive,0.513
إنو منشان الله بدنا نرتاح جايين من سفر ,Negative,0.7024
انت واختي الي مابحسن اقول اسمها وبحبها كتير ,Positive,0.8993
يعني بنكون ربحانين القضية او ربحانين من في اسهم الشركة بعد ما نطرحها للإكتتاب العام منظمة حقوق الانسان تقول « يقتل حوالي ٨٠٠ عراقي سني شهرياعلى ايدي وزارة الداخلية العراقية وثلثيهما تبدوا عليهم اثار التعذيب» ,Negative,0.8026000000000001
ياترى بالصيف لو فكرنا نطلع شئ رحله كم باص بدنا ,Positive,0.5929
بس المصيبة انه انا لو نمت قيلولة مابتصير ,Negative,0.7303000000000001
بس على فكرة للي عم بيقولو خلوه يسترزق يا اخي ماشي ما ختلفنا يسترزق ,Negative,0.6375000000000001
الا اذا كان خارج عن دين الاسلام او غير مسلم مع احترامي لباقي الاديان ، ,Positive,0.4969
بكفي أنك بتنزل الساعة ٣ بوجه الصبح بتلاقيها معجوقة ,Negative,0.7423000000000001
شكرا يا عيون الله يعطيكي العافية ,Positive,1.0
ياستار يا ستار بالتابوت بحط الحوت ,Negative,0.7027
أنها انسرقت بالحج بس وين بالضبط والله ما بعرف ، ,Negative,0.9047000000000001
بقى تنظير بشرفك ... ,Negative,0.6998000000000001
ولسا ما تزوجو عادي بتسمع كتير سمعات بس انت ,Negative,0.3699
من حقها تخاف لما تشوف شي جديد وتبكي لما تتوجع ,Negative,0.8117000000000001
وضاع فيها ومات فقلت خلينا نألف نهاية اكتر منطقية .. ,Negative,0.5061
اشتاق الك بالامس واليوم مشتاق وبكرة اذا شفتك بيزيد اشتاقي ,Positive,0.8018000000000001
والله حزنتيني على هالبسس ... بس مهما يكون أنا ما بحب البسس و مستحيييل أدخل بسة عالبيت ههه ...  ,Negative,0.6998000000000001
و تحياتي ليلي بيحبوا شوكلاته ,Positive,1.0
ممكن سؤال ليش دخلتي جامعة الازهر مادامها فاشلة ؟؟ .. ,Negative,0.9055000000000001
فبئسأً لهيك أشبله الرجال ولمشاريعهن ,Negative,0.9052
كافي هاد الدليل برأيك للتعميم ... ,Neutral,0.45940000000000003
والي عملو هاد ناتج تماما عن اخلاقو لا ناتج عن مغريات ولا عن رعب ,Negative,0.8969
إي نعم عش رجبا تر عجبا هي الأركيلة صارت موضة ... ,Negative,0.7030000000000001
بتعرفو وين المشكلة المشكلة انو الناس اخدين الموضوع مسخرة ,Negative,1.0
وكان موضوع لكل الاعضاء سواء من رواد الحكي المرتب ومن باقي الاقسام ,Positive,0.7109000000000001
عنجد القصة كتير مهضومة ,Positive,0.7985
الله يزيدك من نعمه كمان وكمان ,Positive,1.0
لك شايفتللك طارق أفندي أنو مناسباتك كترانة هاليومين !!! ,Negative,0.4132
كتي يعني صح لسا انا هلأ لسا فئت من النوم ومامصحصح لسا ,Neutral,0.7334
اللي بلا طعمة عالقليلة بتحس المعد فهمان شو القصة ... ,Negative,0.463
ليش تغيريه ؟ اتركيه لشو السؤال ، ,Negative,0.6362
في الموضوع ان ممكن يكون اللبس بوقت معين حلو ومناسب وراقي ,Positive,1.0
وما بتعرف شو يعني نظافة ,Negative,0.8055
لو كان الحب كلمات تكتب لأنفذت احباري .. ,Positive,0.8141
وبرضو مجتمعنا ما بقبل هيك شى ... مجتمع ما برحم ... ,Negative,0.9091
واحد بجم مابيفهم ويبدو ان ذلك يعود لاصلها البدوي !!! ,Negative,1.0
و انشالله بتمنالك هيك عسكرية حلوة و ممتعة ,Positive,0.8985000000000001
وبعدين مين قلك اني مارجعت لبلدي وعملت مشروع فيها ونجحت وانا لبلدي ,Positive,0.6994
ألف مبروك وحمدالله عالسلامة بس لسا موبايل زعبور بيغنيلك ,Positive,0.8236
ما بتوفي يعني بتخسر معن يعن أنترررنيت مع كل المواقع المحجوبة وبأحلى السرعات والأسعار ,Positive,0.46680000000000005
الا و لازم فتش عالحشرات .. ,Negative,0.5858
بس الرحلة دي شي تاني خالص .. رحت العمر .. روحة بلا رجعة بنسبة «99.99%» ,Positive,0.5075000000000001
من وجهة نظري .. متل ما بتعطي بتاخد .. ولكل قاعده شواذ !!!  ,Neutral,0.36260000000000003
وتحققي الدعوى الي دعيتلك اياها ,Positive,1.0
راسي صار يوجعني ,Negative,1.0
وكن شجاع وتعال نتناقش ... ,Positive,0.4567
،قومي خدي من الجيبة خمس وعشرين ليرة . ,Neutral,0.5452
لك السياح هنيك كل يوم بالعشرات يا جماعة هي قبلة للسياح .. ,Positive,0.7967000000000001
ليش هو فرحان انو ماتت بعد ما طلعت عيونه لاتجوز ... ,Negative,0.9053
وأكتر شي عجبني الصالة رقم ٢ ؟؟؟ حزرو ليش ؟؟؟ ,Positive,0.8139000000000001
ال «Default Gatewaty» وبضل اعمل ريبير لحتى يمشي الحال ,Positive,0.5929
شكرا على هاللفتة الكريمة ... ,Positive,1.0
بعد ما كانو ياكلو بايديهم ,Negative,0.8992
ههه خليني انا مجنووونة وخليكم نايمين ...  ,Negative,0.2967
لابل حتى هذا النوع يفضل الايتزوج على الاطلاق ,Negative,0.7036
والناس هي عم تتحرش فيكم فرنسا و بلجيكا وكل دول العالم هي عم تتحرش فيكم ,Negative,0.908
بس أحلى سؤال بتحب تاكل البوظة بالصيف ؟؟؟ ... ,Positive,0.6329
برجع بقلك أهلاً وسهلاً وننتظر مشاركاتك الفعالة أسامة ,Positive,1.0
الا اذا ما كان اليوم هو اليوم الصحيح لعيد ميلادك . ,Neutral,0.6057
أنوووس مو تكرم عينك وهي الموالح وعلب البيبسي صاروا جاهزين ... ,Positive,0.8356
ههه يعني طريقتك الساخرة بتضحك بس بصراحة شي بينبكى عليه الله يهدي الجميع بس عمو وين الفئة المعتدله بالموضوع ولا مابقي منون هدول ؟؟؟  ,Negative,0.5488000000000001
لأنن بالسعودية ورح تتطبق بحقهم عقوبات عديدة ,Negative,0.8108000000000001
ويروح لحالو لانو سيران ونكد يعني مطرح ما ... شنقوا ... ,Negative,1.0
شباب دائم طلعتيلي روحي و ما كنت أعرف شو المفاجأة  ,Positive,0.49210000000000004
وكُلُواْ وَاشْرَبُواْ وَلاَ تُسْرِفُواْ إِنَّهُ لاَ يُحِبُّ الْمُسْرِفِينَ «31» ,Positive,0.6038
والله انا شايف لو المحافظ انسان عادل ... ,Negative,0.5963
بس بدو قول للي كتير فرحانين بالتكريم العظيم للطلبة الاوائل ,Positive,1.0
بعدين اخي اقرا مو ضوع مشكلة عائلية معقدة بتهون عليك مشاكلك ,Positive,0.37170000000000003
عشاان عندي ملفاات كثيير بالمحكمة يووم السبت ,Neutral,0.6109
والبنت اذا تنفست بيقتلوها ؟؟؟ ,Negative,1.0
بتعرف انه يا ريتهم يلتزموا بحديث الرسول عليه السلام واذا بليتم فاستتروا .. ,Positive,0.45420000000000005
وفعلا لبنان صارت بلد منكوبة بالتفجيرات والاغتيالات يلى بصير فيها ,Negative,1.0
بس أهم شئ عندي الأشياء الثمينة اللي موجودة فية ,Neutral,0.5444
تفكر ابعد من هيك يا صديقي احسن ما تندم يوم من الايام ,Negative,0.7022
انو فكرك لو صدر هالكلام على لسان شي وزير مسلم كان رح تكون ريحتو غير ؟ ,Negative,0.8021
إلا أن يثبت أنها زوجتة فقط فهنى ,Neutral,0.3682
أم الأوقات يلي بعيشها مع يلي بحبهم ,Positive,0.9126000000000001
لاسباب تتعلق بظواهر طبيعية !!! بقا ليش مستغربين !!! ,Negative,0.5983
بس لسا مو مغطية كل المناطق ، لساها فترة تجريبية بركي بتزبط و بتشموا ريحة باطكن شوي ,Positive,0.4526
بدي عيد على جوز رفيقتي ابو زهزهز ,Positive,1.0
و ما تسألوني ادي عمرو لاني ما بعرف ,Negative,0.6378
تحياتي للجميع و لسفارة سورياعلى الانترنت « شبابلك » ,Positive,1.0
و لوقتها انشالله بكون اتعلمت الدبكي مظبوط حتى ندبك بعرسك للصبح ,Positive,0.9041
مو لأنه خاين لأنه هو أكبر حرامي هو وولاده ,Negative,0.908
بس ملاحظة للأخ «sooon» شريك ... مشاركتك اجت لهون بالغلط ... ياريت تنقلها لمكانها بس شكلها حلوة  ,Negative,0.37120000000000003
في اطيب من الشاورما ، ,Positive,0.8384
بس ماعليش خيرها بغيرها والبركة في الموجودين وخطوة ,Positive,0.7996000000000001
يعني يمكن لو حادثة فرديّة، بيتعلّم صاحبها من كيسه، ,Negative,0.3972
يعني برايكن مين يلي بيخالف ,Negative,0.5039
ياترى وين كنتو وقت كانو عم يركبوها ؟ اكيد ماركبوها بساعتين مو ؟؟؟ ,Negative,0.5126000000000001
صبييّ فايقة من النوم بكير ,Neutral,0.4656
يعني مافيها شي مميز ولا هي شغله نادره عنا بالبلد ههه فكرت في شي جديد ,Negative,0.804
ولا تعمليلك مصيبة ,Negative,0.9122
مارلبوروا أحمر جتان التقيل وينستون دفيدوف دنهل ,Neutral,0.5923
وليليليليليليليلششش اويها وطبخنا محشي اويها وعبينا كرشي ,Neutral,0.372
إهاه خلي هالأجواء تتعطر شوي ... ,Positive,0.8094
و الهم هودي اللي نسيو حلهن سبقتهم السنين هودي مش هني صحابو ,Negative,0.7271000000000001
والله ازا في مجال لفنجان قهوة تركية وبدون سكر بكون ممنوك كتير تعــو نحكي وندردش بالفلسطيني ههه على فكرة عجبتني كلمة متجليين زمااان ما اسمعتها بس منك زي العسل ,Positive,1.0
انا يا سيدي كنت عم اقرا بدليل الصفحات الصفراء فشفت اعلان لموقع الكرة السورية ولما رحت عالموقع شفت اعلان شبابلك ... شكرا لاهتمامك اخي وسيم  ,Positive,0.46190000000000003
أنو تكون هاملة بيتها وملتفتها لشغلها ... ,Negative,0.8083
بس المشكله انو ما يكون بحب بطنو كتير ,Negative,0.6495000000000001
انشالله كل ايامك اعياد ويبئى ئلبك دافي متل الكستنايات اللي وزعتيلنا هن بكل المناسبات ,Positive,1.0
رح قلك جوابي هون بيكون مميزز بردودك الي بتلجم ... ,Positive,0.5063
كل واحد بقول عن حالو حمساوي بكون عميل وحقير ,Negative,1.0
حاكم على كوع ركن الكوكتيل حاطين دورية ,Negative,0.5443
هية للمسؤولين اللي حضروا والأصوات العالية والضجة كمان ,Negative,0.6073000000000001
بس المشكلة انه في ايدي كبيره عمتدخل مازوت على الشام تحديدا ,Negative,0.8190000000000001
بروحوا على الدكتور طب المرض هو من حكمة الله ,Neutral,0.5081
وباعتزالك ولاعزاء لهم ,Negative,0.6387
اول شي الجلد بحقو والتهجير من البلد ,Negative,1.0
و من قلبي بشكرك موون ,Positive,1.0
وهي بتضل امنية ياريت ياريت تلبيلنا هالامنية ,Positive,0.6498
رجاء اللي بيعرف مصدر هالأحاديث يسعفنا وأنا له من الشاكرين  ,Positive,0.8948
ودمت ودام ابداعك حروفك ,Positive,1.0
أهلا بك في ضيعتنا ... ,Positive,0.8994000000000001
بشك انو في حدا بيستخدم الانترنت هون و فورا بمل و بيعصب ... ,Negative,0.7994
ومتل ما قلت احدى الاخوات تحاول مرتو تقعد جنبو وتطلب منو ان تتفرج معو لما بيدخل هيك مواقع ,Negative,0.4586
لأنك عاطل وخسيس و ندل وماشي على مبدأ أظن بالناس كما أظن بنفسي ,Negative,1.0
أهلااا بأخي الحبيب أمير العييين يعني نحنا الاعضاء العاديين مالنا معنيين بالموضوع ومع هاااد كلووو اهلااا وسهلا فيك أميرووو أخوك الغضب سلااام  ,Positive,0.8280000000000001
على فكرة لابئلك هالاسم !! كتير لزيز ,Positive,0.9239
انا كتير معجب بالفكرة حتة قبل ما تنطرح ,Positive,1.0
كنت رح فوت بالحيط أنا كمان ! ,Negative,0.6191
شباب بس يبدؤوا البث كلكم تاعو إدام الكاميرا مشان أشوفكم مو ، ,Neutral,0.6006
شكرا كتير على هالاستراحة الحلوة لازمنا بعض الترفيه بس مع نفس معسل بحريني وقهوة سادة على كيفك مشان ناخد اول ونبلش  ,Positive,1.0
وللجميع يلي بعد ما عرف حنااا يتعرف وما بيندم ,Positive,0.7993
وأروع شعور ,Positive,1.0
وانجاز انهن وفروا ٣ مليارات ، ,Positive,0.9028
اللي يجاوب يقول بصراحة ... ,Positive,0.6083000000000001
و عقبال ماتخبرنا انك راجع ... ,Positive,0.7349
هي أنا جبت الكاتو واجيت وين القعدة خينا رشيد ، ,Positive,0.7995
«بتضحك» ... و«بتبيع» ... ,Neutral,0.34540000000000004
بيتصلو فيني الأهل عالموبايل ... ,Neutral,0.5133
احنا عنا شوارع للمشاة و أرصفة للسيارات حيث نادرا ما يتم استخدام الرصيف للمشي ... ,Negative,0.6485000000000001
عنجد مو ضوعك حلووو كتير ,Positive,1.0
السلام عليكم احلى جورية ... دايما بتغمرينا بالبك الكبير الف سلامة لبشار ٩٩ وانشاء الله ربنا بيعافيه وبيرجع للمنتدى متل اول واحسن سماااح  ,Positive,1.0
و بكل عضو عم يدخل على منتدانا الحلو سواء كان قديما ,Positive,0.9071
والله الناس بتحكي وبتتأمر بتلاقي الشب يحكي ,Negative,0.8007000000000001
و الاصل يقوم هدا الحب على قاعدة الزواج ، ,Positive,0.9006000000000001
هدول لازم ننظرلهم نظرة اكبار لأنهم إخوة إلنا جار الزمن عليهم ولازم نجيرهم . ,Positive,0.596
يعني من زمان بدي أتغزل برائحة بيروت ، ,Positive,1.0
شو هاد كلو أخي هادي يعني كتير معذب حالك دخلك من شو بتشكي البسكليتي ,Negative,0.5524
أنا اللي بشوفه أنو معظم الشباب اللي عميجو على الخليج مو راغبين بهالشيء ,Negative,0.7019000000000001
بحب قول للسيد الحسين حاول شي مرة تطلع عالعالم الطفرانة من تحت مو من فوق ... ,Negative,0.8192
بصراحة .. لا تعليق لدي .. ,Negative,0.6952
ان شاء الله ربي تكون الضروف تحسنت الي الافضل ,Positive,0.9005000000000001
وانصحيهالما تحتاج نصيحة ,Positive,0.7214
و كونوا مذكور بجريدة ما بيعني انو صحيح و خصوصي انو غير واقعي ابدا ,Negative,0.8174
وكل ما اسأل مختصين يقولولي مو سمعانين فيها ,Negative,0.9081
بس التنبيه لحتى تنتبه أكتر المرة الجاية الظاهر انه الرقص مع الذئاب كتير عم يأثر عليك ... ,Negative,0.8122
و الله يجعل كل ايامك فرح و سعادة و نجاح كمان ,Positive,1.0
مو التعصب الاعمى الي بيدل على التفاهة وعدم الانتماء للاشياء القيمة .. ,Negative,0.9155000000000001
والاغلب نهريب والاحسن انو عم يجي وباء على الفروج قبل ما يكبر ,Negative,0.6119
لك تاني شغله هو لسا بالانعاش ,Negative,0.8152
ممكن ينفر منو واولهم اصحاب التعليقات المثالية ,Negative,0.6155
حسيت بنفس احساسك ,Positive,0.6990000000000001
مو كل اصبيعك متل بعض يعني اذا أنتو بتعرفو قصة ,Positive,0.3113
قلت وصلت لنا الازمه العالميه ,Negative,0.8953000000000001
يالله حاجتكن اليوم بنكمل بكرا ,Neutral,0.5018
لانو الشب و الشبة بكونو في سن مش قادرين يحددو شو الي بدهم ياه ,Negative,0.7981
نحنا مش عم نعمل فحص بالمدرسة .. ,Negative,0.6025
عن حالي بستخدمو عادي بالعكس أئرب العيله المشتته بأنحاء المعموره ,Positive,0.49920000000000003
اللله يعطيكي الف عافيه يارب ,Positive,1.0
بعدوا بعدوا لحتى اسبق جوريه الف اهلا والف سهلا بهالطلة الحلوة بيناتنا ,Positive,1.0
أتمنى أن تتحققي كل ماتصبوا إليه نفسك من آمال سناء ,Positive,1.0
يمكن لأنه في الغدره مأحد يشوفه او يمكن مرد ذلك للأسطورة القديمة عن الرجل الذي يتحول الى ذئب عند اكتمال القمر اخوك ابو عبدالله  ,Neutral,0.6274000000000001
خدوه على ئد عقلويعني في عاقل بيعمل هيك شي ؟ ,Negative,0.82
و بعدين بيجمعوا هي الشغلات و الألوان بكتاب و بيعرضوه على دور الأزياء العالمية ,Positive,0.6041000000000001
بس اخليكم مع الصور ,Neutral,0.7062
تمنياتي لكم بالتوفيق والسعاده ,Positive,0.9109
يعني كل هدول ما بيعرف كل واحد يأبدع لحالو ,Negative,0.8142
هدول شخصين مو واحد متل ما مبين للوهلة الأولى ,Neutral,0.7009000000000001
إذا كان مش مهتم بالمرة .. ,Negative,0.7992
بصيروا بدون يوقفوا ضد هالتعليق ... ,Negative,0.7318
بكرة بيعملو شلة لحالهم و بتشتغل حرب النقّيفات بالمنتدى ,Negative,0.8982
طلب واحد بس تروحي و ترجعي بالسلامة مش أكتر علشان ما تقل عليكي اوكي ؟؟؟ ,Positive,0.7016
تحية طيبة، خلينا نرحب بالآنسة ساندرة كفرد جديد في عيلتنا يلي عم تكبر، وعم نستنا منك آنستي الكريمة مايفيدنا بإذن الله تعالى، ولكم السلام، إياد  ,Positive,1.0
عمو أميررر الحباب كل عام وأنت بألف خير يارب وعقبال ما تفرح فيك الفرحة الكبيرة ونشوف ولادك عم ينطو على اكتافك يارب تحياتي  ,Positive,0.9228000000000001
كلهم نجحين ,Positive,1.0
لتكون نازل بشي نفق وعم تكسب دولارااات ,Neutral,0.3719
بس لازم يكون مترجم ,Neutral,0.6326
والله الهيئة دم حامي و ما بتقبل انتقادات يعني والله مالنا غير نحكيلك معو مافي كلام ,Negative,0.8442000000000001
لكن شو الواحد بدو غير هيك يارح يخجل ويترك الفرجة ... ,Negative,0.5351
انا بقول بيكفينا ٨٠٪  ,Neutral,0.4651
والله خليتني اشتهي قرص العجة ,Positive,0.7604000000000001
وما كانت انتي بس تشوفيها بلشت تبهدل هربي من الواجهة لحتى تهدا ,Negative,0.6382
أخي ، متل ما أنت رضيت تابع معاها بالرغم من عدم عذريتها ,Negative,0.5938
أخي «batman» كل عام وانته بالف خير وينعاد عليك يا رب بالخير والبركة ,Positive,1.0
ولو زياد كنت تخبرنا كنا قمنا بواجبنا وزرناك بالمشفى او حتى بعتنالك بوكيه ورد .  ,Positive,0.6959000000000001
علي العموم طموني موضوع عن جد بجسد المراءة الاردنية الفلسطينية ,Positive,0.649
بس شكلو حلو عجبني ، ,Positive,1.0
الهدية مابنردها ,Positive,0.7286
هه و رح االب الشحاطة منشان تقوى الخناقة اكتر و اكتر ,Negative,0.9054000000000001
وبدون غلط على التاني  ,Negative,0.403
حلوة هالقصة كتير دمدوم ,Positive,1.0
بكل الحالات .. أنا معكن .. ,Positive,0.8056000000000001
ان شا الله كل عام وانتا بخير حبيبي وسيم وعقبال المليون سنة تقبل مني هالهدية البسيطة بتمنى تعجبك انتظر لتحمل الصورة مشان تمارس هوايتك  ,Positive,1.0
أحييك يا صديقتي الجميلة والمتألقة على مر الكلمات حكمت داوود ,Positive,1.0
واتفرج على هل تلجات الله يبعت الخير لهل بلد ,Positive,0.5141
الي بدو حريات يروح يشوف الحرية الغربية الي هو وغيرو متشدق فيها ويشوف الانحلال ,Negative,0.7998000000000001
مافي أي رشاوي من ورا هل تخبايه ؟؟ «3-» انخفاض في عدد الحوادث ؟؟؟ «4-» ,Negative,0.6357
خاب ظني بك يا عفش طلعت متل اللي قبلك بلش التأمر على نادي الجزيرة هذا شغل حموات ، لأنو بتكون حماتو اللي بلغت عنو ,Negative,1.0
انو اجينا عالمشفى مشان نبدأ الشغل ,Neutral,0.5544
ولا نجعل الدين مبرر لفرض ارائنا على غيرنا ,Positive,0.496
وياريت غرفة بالفندق للرجال المتزوجين ... ,Positive,0.5008
يعني بالمختصر ... سطحونامنشكيون لا لله ,Negative,0.8997
شوفي يا ستي هاد بقولك في مرة واحد محشش متردد يقطع الشارع راح قطعه فدعسته سيارة فقال وشرفي كنت عارف ,Positive,0.451
وهيك بتضل الوحة خلنج .. ,Negative,0.4887
و هذا الحمل يحدث الآن في مجتمعنا كثيرا و مع المراهقات تحديداً بسبب الجهل ! ,Negative,1.0
حي و هيلموهم زي تعون كرامة !!  ,Negative,0.6306
بالطرح بس ما كتير لقيت انو في مبالغة ,Neutral,0.42210000000000003
لك شو هاد صراصير مشويه ... ,Negative,0.729
ةممكن اي شخص اذا عجبو موضوعو يعلق ,Neutral,0.4657
من بعد غيب الت اول مشاركة بدي ارجع حطا بدي حطا بموضوعك ... ,Positive,0.6989000000000001
مين يحرررنا الوجوه البريئه الي متلي ومتل بنت فلسطين بتنسجن قلولي بلا  ,Negative,0.8963000000000001
وعلى فكرة لاحظوا شباب وصبايا لما الواحد بكون بمزاج سيء ,Negative,0.6992
كنت كل ما شغلة كهربائية تنتزع ، جيب شنتاية العدة وفك ، من اصل شي ١٠٠ قطعة يمكن مصلح معي شي ١٠ ، اما الباقي كان يزيد غراض بعد ما سكرهن ، ما اعرف وين بدي حطهن !!! ,Negative,0.7392000000000001
ولو فكر شوي بلاقي انو كان لازم يقتل حالو ١٠٠ مرة قبل ما يقتلها ,Negative,1.0
ممم الانانيه شغله نسبيه يعني في رجال انانين ,Negative,0.5736
اهلين ابو الزوز وان شاء الله اتكون مبسوط معنا ال يعنى انا يلى معمرة بهالمنتدى ههه لا بس بجد منتدى حلو وبسعدك  ,Positive,1.0
المهم الله بيعين واقع ولازم نعيشوو ... ,Negative,0.6712
وراغب الموجب اول مين رحب فيني ... ,Positive,0.9028
وبتمنى تكتب الهطولات المطرية والثلجية تكشف عيوب الطرقات والصرف الصحي في كافة المحافظات ,Negative,0.7061000000000001
فشلون إذا دقوا الخمسة سوى !!! ,Negative,0.4973
وارجع شوف الفرح والأبتسامة على وجه . ... ,Positive,1.0
ومابعرف اكتير شغلات حدا يدلنى ,Neutral,0.5169
لألألألأ يا فاقد ولا ماتتهابل اليوم بقا بدو يسلخنا ويعلقنا .. ههه متوحش الزلمه هادا بعدين بخفف دم بقول ليش جيين قلنالو مكع الزهق ,Negative,0.8231
ويلا نحنا شعب لو شو ما تغنى منرقص عليه ,Positive,0.7039000000000001
بس هادا الرجل اللي راح وخطبها ,Neutral,0.4877
وهو لحالو اكيد رح يعرف غلطه ,Negative,0.41590000000000005
يعني اذا انا هلئ رحت نبشت زبالة بالشارع وفي منتصف النهار شو رح يكون العقاب يا ترى ... ؟؟؟ لم الزبالة من اول وجديد !!! ,Negative,0.7994
الاسعار هو انو ما انخفضت وانو يمكن بس جارك حابب يعمل تنزيلات ,Negative,0.36
ولا الناس ماعادت غير تشوف يلي بيهمها وهاد مجرد رأيي  ,Negative,0.8551000000000001
ولن أخفي عنك هذه القصة لربما حقيقية ؟؟؟ ,Neutral,0.6652
ان شاء بالروية ما تكون من الخسرانين تسكن عند امها لفترة هيدي صعبة شويي ,Positive,0.5015000000000001
بعدن تقريبا بكل شي واكلاتن طيبين ي وبيكرهوا السورية كتير «:walakelmi:» ,Negative,0.7382000000000001
وقليل الأصل سيرضاها لانو مو خسران ,Negative,0.8077000000000001
مش لهل الدرجة ، بس أنا اللي بعرفوا انو هيدا أبسط الشي بينعمل هو تأمين خط إمدادات دائم للأسلحة لا يتأثر بالحروب !  ,Neutral,0.39830000000000004
مهضومين الحماصنة مش هيك ؟؟؟ ,Positive,0.8159000000000001
لعم يصير انه الدول الغربية عم تحرك المتعصبين بالدول العربية ,Negative,0.8140000000000001
للأسف مابظن ,Negative,1.0
وهو بغزة انها تستقدمه كونه يعتبر زوجها وتعطيه اقامه غير هيك ماراح يقدر يجي ,Negative,0.3687
ايه فهمانة عليكي .. مشان نتقل الهدايا بركي بترضي .. ,Positive,0.3065
وكل ماصار سوء تفاهم بالخطة بينزل حضرتو عالملعب وبيحل الامور بمعرفتو ههه ,Negative,0.5449
لولي بربي هاي نهفة ٢٠٠٨ ههه بجد شو هاد بس كل بلد الها عاداتها و تقاليدها الله يكون بعونهون مشكووورة لولي  ,Positive,0.3885
وأنا بدوري بتشكركون فردا فردا ... ,Positive,1.0
فالإنترنيت رح يخفي كل المحادثات اللي بتصير ... ,Negative,0.6023000000000001
وان كانت زنت فتعاقب هي والزاني ,Negative,0.4984
وتخيريه اذا ما بتأدري تستمري بهالشكل ,Negative,0.7107
وبالنسبة لموضوع الهرمونات ، يوم الجمعة خلصت منهم ، بعد ماطلعولي روحي وبأكدلك و حسب مادرست و قرأت وسمعت انو كلامك صحيييح ,Positive,0.496
للليش ... أنا ناجح في الثانوية عقبال الابتدائية ...  ,Positive,0.6551
«2-» اذا ما فينك تقتليها استاجري قاتل مأجور ليقتلها ,Negative,1.0
يعني لا هيك عاجبكن و لا هيك ... ,Negative,1.0
لا تزعلوا ,Positive,0.5869
وبخص بالذكر المشرفين العامين كلهم زوء على حالو «[/grade]» ,Positive,0.9096000000000001
إزا ما ساعدوش بحل بمشكلة وهم مش رح يعرفوا يساعدوا لأنهم مش طرف بكل التفاصيل ,Negative,0.7355
بالزورق تبعو بالبحر بدو يصيد سمك آم صاد ,Neutral,0.7005
وصار لي كام سنه بيجيني اكتئاب بهيدا اليوم لانه ماحدا بيتذكرني الى أهلي الله يخليهم و يخليلكم ,Negative,0.7218
ألف مبروك أخي عصام انشالله بتشوف على وشها الخير تربى بعزكون ودلالكون ,Positive,1.0
شو نسيتوا قصة عصفور بالإيد ... ولا ... عشرة عالشجرة ,Neutral,0.4051
آل شو سيارتو تحت لازم يتحمل حمود ربك ,Negative,0.41050000000000003
بس مثل ما بيقول النثل شو جبرك على المر إلا الأمر ,Negative,0.9067000000000001
لا توجد اسئلة محرجة .. ,Neutral,0.5132
وبهذا والعلم عند الله انو هاي معجزة ربانية لاثبات كلام القران عند الغرب ,Positive,0.8093
ولادك بايدك الهي يلا شباب لفّو علي لنعملو أحلى عراضة لشوف ، ,Positive,0.82
امر عيونك يا موجات البحر تسحرني ,Positive,1.0
البنات الصراحة عقلهم خفيف ونسبة تفكيرهم  ,Negative,1.0
بس ايد وحدة ما بتصفق ,Negative,0.6958000000000001
من يدري ما يحصل داخل كابين السيارة ,Negative,0.6038
السمر احلى مووو سلااام ,Positive,0.6933
كيف اذا واحد منن حكم العالم ,Negative,0.464
وخاصه وقت بتشوف انسان كتير محتاج او وقت بيطلب منك مساعده ... ,Positive,0.5579000000000001
ورائحة بتجنن الجهاز عندي صارت ريحتو مسك وعنبر ... ,Positive,0.9171
مافينا نصنع شي ليه الاعتراض ياعالم ... ,Negative,0.7264
واذا في ناس بدهن ينالوا منها ,Negative,0.9171
حبهم برص ،،، شو اعمللهم يعني ؟  ,Negative,1.0
وشكرااا للجميع ولأبو أنس بس لسا المشاورة إلها منفعة ٠٠٠٠ باي ,Positive,1.0
وشورائكم بالصور الي حطيتها حلوين ولا مو حلوين ,Neutral,0.40590000000000004
اخوتي الأعزاء اقدم لكم اقوى كتاب عربي لتعليم ثري دي ماكس ,Positive,0.8065
وطريقة لايصال بعض الدعم المادي لهم لمتابعة علاج نور ,Positive,0.7254
انا برأيي خلي عم يشتغل هيك أحسن ما يروح للسرقة و النهب .. ,Negative,0.4611
كلا ان الحرب لم تنتهي .. ,Negative,0.7213
بعدين حرام عليكووو كل هاي اسئلة ,Negative,1.0
وحاسس بثقته بنفسه ,Positive,0.6920000000000001
ولا تسالو عن المصايب المشكلي مو بالطريقة المشكلة بالاهمال ,Negative,0.7439
خلص لا تضلي تحكي في نفس الموضوع ,Negative,0.9096000000000001
لزقوا بالحيطان ولا حس ولانفس هيك شي نص ساعة ، ,Negative,0.9087000000000001
اللي سرق البلد ١٥ سنة من الغباء ترجع تأمنّوا على سيادة بلد ... ,Negative,1.0
بعض الاحاديث الجانبية على المسنجر ,Neutral,0.795
واذا منت متذكرني فهذا من جودك وحسن نيتك ,Positive,0.8048000000000001
باختصار ما اشتغل .. ,Negative,0.8151
يللا روح بلا كسل ,Negative,0.46630000000000005
هالسؤال جاوبت عليه قبل هيك بس كرمال عيونك راح اعيدو  ,Positive,0.8338
و كل مين فيه يصلي ببيتو اللا الجمعة خدو سرفيس واطلعوا عجامع تاني ,Negative,0.45270000000000005
مبروك لميس لأنك عروس و ألف مبروك لأنك شطورة ... ,Positive,1.0
بس انا من الناس يلي مستحيل يسأل عن السبب ,Positive,0.40650000000000003
بقولولك ياااي .. حضارة .. أكابر وغيرو ,Negative,0.6043000000000001
يعني بيسو عم نحتفلك ونعملك طنة ورنة وأنتة ولا هون ,Negative,0.8972
ماشاء الله عليكي يا حلوه شو صايره مواضيعك كتير حلوه ,Positive,0.9107000000000001
حلوة القصة ومهضومة والفكر والقلب دائماً ,Positive,1.0
وتبقى لكل لهجة حلاوتها وميزتها ,Positive,1.0
يعني نحن بكل البلدان العربية عم نحكي على الكبت ,Negative,0.9048
شو هادا اللى بتحكيه حشيش !!! ,Negative,0.7562
وكل يوم بيعانقوا المخدة وبيبكوا بتعاسة لأنهم محرومين من الشريك . ,Negative,0.9048
بس والله الكمبيوتر كان شوي مرضان ,Negative,0.7972
بس الأسوأ انو في ناس ما بيقتنعوا انو هالنار بتحرق لحتى يدسوها بايدهن !!! ,Negative,0.901
و معجب برسوماته الجميلة بس بدي منك تزودني بصور كمان و بكون ممنونك ,Positive,1.0
والي طلع مع مجلس الجنوب انو التعويضات والعلاج بيطال الام فقط لانها لبنانيه ,Negative,0.9081
وعقبال ما تفرحوا فيهن بالشهادات العالية يا رب ,Positive,1.0
ليش وين انت مقيمة ... إزا انت بحلب لسمسلي عليها دخيلك خيتو  ,Positive,0.5938
إلي جاب الأجانب هم أسيادك المتآمرين على الوطن لصالح كراسيهم ,Negative,1.0
لأ زودوها بقا ؟ ,Negative,0.9058
يعني ما عاد نستبعد نهائياً إنو أي شي أميركي من شوكولا أو غيرها يكون في دهن خنزير أو شحم خنزير ، ,Negative,0.8107000000000001
هاي امي بتضل تحكي بيحب الكَبره ولو على خازوق ,Negative,0.7225
دعوت لك فى الكعبة ان تنالى الخير ممن تدعون الله به ... ,Positive,1.0
و لكني احب لارض التي تررعت فيها و اكلت من خير ارضها ,Positive,1.0
وانا جاهزة عيوني لاي مساعدة وبطيارة بجيكي اذا بدك ,Positive,0.9027000000000001
فقت الصبح فكرت أنو أنا كل يوم بفيق بكير وما عم بشبع نوم ,Negative,0.7972
وشكلكم انبسطوا كثير تحت الشجر على حرف المي ... ,Positive,0.8202
معناتو جرح السماء قفشكون شو قفشة بتسوا بلاوي ,Negative,1.0
صار بدي اجازة لمدة اسبوع على الاقل ... ,Positive,0.3922
ولم تنظم ولم يستفد منها المتضررون كما يجب ,Negative,0.8186
احيانا الواحد بيضطر ينزل ,Neutral,0.5039
كلك زوء لعرض هذه الصور ريمون انا عندي شوية صور بس والله ما اجاني فكره نزلون وبهيك عنوان بس والله حلوين ههه  ,Positive,1.0
ومش أنا يلي بحاسب ولا بكفر .. ,Negative,0.45890000000000003
الله يحميه ويقويه وإنشالله رح يكمل ابنو دراسة وياخد أعلى الشهادات وبالمستقبل يفتخر بإنو عملو البسيط الشريف قدر يعمل شي ما قدر غيرو يعملو  ,Positive,1.0
وبيتسرح كم دكتور من الجامعة . ,Negative,0.8067000000000001
لك لعيونك أشو بدك جاهزين بأمرك ,Positive,0.8943000000000001
لانو ما خرج نلاقيها بالكتب الخبرة بتلعب دورها ... مو هيك ,Neutral,0.304
ماعليش ارجعت بعد ظروف اولها ضغط عمل ... ,Positive,0.44930000000000003
وبكون الهم قواعد وبهيك بنكون بناسس لشي اجديد على النت ,Positive,0.7257
خدمة ضعيفة مبدئياً .. ,Negative,0.9176000000000001
جارنا فودووو استلم دكانة جديدة و مسميها تكنولوجيا مرتين ,Neutral,0.5074000000000001
الاصغر ديما معزوم ما بيدفع انا ,Negative,0.40740000000000004
فشافوا تجار السوق وسألوه شو صاير لحمارك فقال بكل هدوء وثقة متل مو شايفين .. ,Neutral,0.4515
عموماً في كتير مواقع بتعطي بريد مجاني ,Positive,0.6952
وبأذن الله تنجحين ,Positive,1.0
وبما أنو لسا باب التوقعات مفتوح ..  ,Positive,0.5957
بعدين هي معلمتي فهمتو يعني شو انا مافيني بلاها هون ,Negative,0.6985
يلا لنشوف ورجينا همتك بتزويد المنتدى بكل جديد في عالم الجوالات ,Positive,0.8091
بس ما تكون من المشاكسين جمعية الدفاع عن الرجل ؟؟؟  ,Positive,0.4005
لسش انت عايش بعهد الصحابة رض بدك شهود وحدود ,Negative,0.9135000000000001
بشكرك كتير على هاد ألتعبير والروح الوطنيه …… . ,Positive,0.91
سؤالي هل تظنون هذا الشخص راح يرمي فلوسه في بيته مثل ما يرميها على هذه الغزاله ههه ,Negative,0.8043
وفي عيد ملادها جبت الها هدية وقلت الها مش زي بعض ناس ما افتكرنا عيد ميلادهم ,Positive,0.5924
عندن خبرة بهل مجال و بيضلن رايحين جايين .. ,Positive,0.3987
بعدين الثاني كان جيد بس خربوه لما اموحتب راح يحارب الملك العقرب ,Negative,0.40440000000000004
اخاف من اخرتها والله العظيم عاش المليك للعلم والوطن ... ,Positive,0.39030000000000004
كل عام وانت بخير لا ماحلوة الكل قالوها شو بدك تكتبي ياتومي الحبابة ... ؟؟؟ ,Positive,0.8254
ههه لا مو معقول أخي عزيز يعني مخبي عيد ميلادك كل الوقت ,Positive,0.5336000000000001
للشهادات العليا ماجستير ودكتوراة ,Neutral,0.7323000000000001
فهل بتقبلوني ولا ارجع من مكان مااجيت ,Negative,0.4965
هلى وياكم يلذ العيش ويطيب ونسايمكم تداوي الجرح ويطيب ,Positive,1.0
قال شو قابض من طلاب ومو منجحهن ... أي لأ .. ,Negative,1.0
نحن بنحطك جوات العيون ...  ,Positive,1.0
ههه طبعاً ما حدا بيقدر يرضي النساء بنوب بيعينا الله عليهم ...  ,Negative,0.9127000000000001
يعني لك عم امزح و لا يهمكم ,Positive,0.8210000000000001
لو بدي احكي ما بخلص ... ,Negative,0.6976
بعدين الموضوع ما مستاهل حكي ,Negative,0.9067000000000001
هل ترغب فى الاستفادة من مدونتك فى تحقيق عائداً مالياً من الاعلانات ,Positive,0.5022
و المفروض هالطريقه تشتغل لان انا اوقات بفوت ع البريد عن طريق موقع الجمعيه نفسو ، ,Negative,0.46330000000000005
اهم مش لازم نغض نظر على ايا شي منحس ,Positive,0.6322
الله وحدة يعرفها وفقط ,Positive,0.452
أصلا بهالحالة نحنا منكون عم نعمل شغلة أبشع من الشغلة يلي عملها هو، ,Negative,1.0
بس بالاخر اكيد كلشي بينكشف حبل الكذب قصير ولو على النيت ,Negative,1.0
التقينااا في رومكي والتقينا في منتداكي ,Positive,0.795
بس نورتى وربى وبتمنى الك كل حيااة سعيدة ودايما تظل بسمتك مرسومة ,Positive,1.0
الله يكون بعونو لانه مابيعرف ولا واحد مسؤول في الدولة ... ,Negative,0.7131000000000001
حتى اللي بدو يفكر يأذي اي طفل يكون حاسب حساب انو مصيرو الاعدام ,Negative,0.7074
عفوااا والله نسيت قلكن انو الدعوة مجانية ,Positive,0.7216
بسسسم الله الرحمن الرحيم اصدقائي الغاليننن العزيزة سالي ,Positive,1.0
معقول هلأ هيك مشروع متل هاد صار بسوريا ؟ ,Positive,0.5102
بس شعب غزة شو دخلوا برئيس مصر مش عارفة ,Negative,0.8125
وفعلا لو كانت البنت محترمة بيخف هالموضوع بس لا يخلو الأمر من بعض التافهين ... ,Negative,0.6503
وكانت الجامعة اللى بدرس فيها فيها ١٧٠ طالب وطالبة فلسطينية ,Neutral,0.6478
مو فرض كفاية ,Neutral,0.6038
انشالله تروح وترجع بالسلامة وصدقني رح نشتقلك ولا تنسى بس ترجع تجيبلي معك هدية بس تكون محرزة مع تمنياتي لك بالموفقية  ,Positive,0.9102
هل من المقبول أن يتجاهل الرجل مسؤولياته ,Negative,0.5833
و يا صباح احلى كاسة شاي اكرك عجم رايق  ,Positive,0.9249
وما تنعاد بأي مرض ... ,Positive,0.6454000000000001
بس انو احكي ان شالله للحيطان  ,Negative,0.9045000000000001
وتانيا قاطراتنا يا جماعة والله تعبانة ,Negative,0.9054000000000001
خلو العالم تسترزق يعني عالم بتلون شوارعهاو بتفرح ,Positive,0.8171
لانو ابي اتوفى وانا صغيرة ,Negative,1.0
انا اعرف الشيفرة للمنتجات الدنيماركيه بس هاده اول مرة اشوفها  ,Neutral,0.7159
ونحنا بنحب مواضيعك البنائة ... ,Positive,0.9169
رح يجيبها لأخواته الصغار ,Positive,0.797
لازم يكون للفريق الطبي الي شكلو بعيد كل البعد عن الطب ,Negative,0.9041
بس اكيد يلي انكسر بعمروا ما بيتصلح . ,Negative,1.0
وبيبطلو هالمعاملة الهمجية مع الطلاب ,Negative,1.0
لأن عن جد في كتير ناس بيفهموا صفة ناقصات عقل و دين ,Negative,0.33680000000000004
ولك مو حرام عليهون حاجزين مقاعد بالجامعة ومانعين آلاف مؤلفة من الفوتة على الجامعة ,Negative,1.0
غريب و حلو يلا ناطرينك مع كل جديد ,Positive,0.9255
انا برأيي انه الجمال موضوع نسبي .. ,Positive,0.5001
بزعل منك بعدين وبقول عنك شرير .. متل عمو أسامة ,Negative,0.9143
مين بيرضا ان كان مسيحي ولا مسلم ,Negative,0.3587
أنا أصلا من بيئة ١٠٠٪ مسيحية موارنة و تربيت ببيئة ١٠٠٪ سنية و درست بمدارس ١٠٠٪ روم ... ,Positive,0.5976
وفي النهاية الاولاد اذا شافوا انو اهلهم واثقين فيهم ما راح يعملوا اشي خطأ ,Positive,0.7047
كمان بعدين يعني كل سنة نفس القصة متل يلي عم ينفخ بقربة مقطوعة معها معها بتصير ,Negative,0.8979
بدك مين يعلق عليك !! والله الأحرى أنو الناس تعلق عل يلي كاتب المقال . لأنو في ملون خطأ أملائي !!! ,Negative,1.0
أي و النعم من هيك ذرية ,Positive,0.7997000000000001
بس برأيي تقوم من عالانترنت وحاج تتلهى ... ,Neutral,0.601
ولي عليك يا ديما منين بتنبشي هالخبريات . ,Negative,0.4052
وتعبن بالدراسة والجهد والسهر ,Positive,0.6915
وكمان صرنا بعصر صار في الف ومية طريقة لتقدر تحتك بالشخص المقصود ,Positive,0.4017
حاكم الرجال مالهم أمان ,Negative,0.925
يعني لو ماعنا امل ماكنا عشنا لهلأ ,Positive,0.7978000000000001
فيك تترك تدينك لنفسك ؟؟ .. ,Negative,0.8267
وبشكركون لارائكم ومشاركاتكم الحلوة ,Positive,0.9099
الله يفك اسره ... ,Positive,0.6387
و الله يهنيك بسلامة رشا يا أبو محمد .. ,Positive,1.0
خلينا نتطلع على هل الأيه نسجد لك أيها المسيح ونباركك . ,Positive,0.5963
قريت اسمي أيهم ههه على كل حال انا رأيي انو حب الرجل دائما أقوى مو ,Positive,0.6032000000000001
نسيوا ألمصحف ما عندهم وقت ,Negative,0.9066000000000001
مش غلط يكون اقلها مرتب ,Positive,0.5012
مو ضروري يمثل شخصيته ونشوفه عم بلقي شعر درويش ,Negative,0.4047
حتى بلادهم يلي كلها علمانية بحياتهم ما اعترضوا على هالشيء، ,Negative,0.7589
مفهوم الدردحة بإختصآر في الوطن الغزآوي كالآتي  ,Neutral,0.6013000000000001
و أفكاره معروفة بوسطيتها واعتدالها و قربها من العقل والمنطق ,Positive,0.9065000000000001
في يهود محترمين و في مش محترمين ,Both,0.44870000000000004
ما بيصير هيك بنت بتموت وابن صار بال ,Negative,0.8191
من رئيي انا يقمو الطلاب بعمل إضراب عن الدراسة في جامعة الأزهر ويثم فصلو عن العمل عشين يعرف شو هو الحصار ,Negative,0.6875
يلله معلش ، كنت حابة قلك كل عام و أنت بخير يا عدوي اللدود ! ,Positive,0.8092
بس الوقاحة توصل لهون !!! ,Negative,0.8053
و عقبال ما تبقى متجدد و معطاء دايما متل ما بيدل اسمك ,Positive,0.9172
ويحسب للسعوديين حرماننا من الكرة اخر تلت ساعة من المباراة ,Negative,0.8308000000000001
بس اللي لفت انتباهي خفة الدم وحبوه للكاظم الساهر ,Positive,0.8989
واذا دل على شي فهو بيدل عالاستهتار من قبل ادارات الكليات اللي بتضمها الجامعة . ,Negative,1.0
ولك ليش فردة صدريتك لبرا ؟ ,Negative,0.9106000000000001
كمان عصة قبر ,Negative,0.5866
و برجع بقول انا ما بيهمني شو الاسباب اللي دفعتو لهالشي ,Negative,0.6053000000000001
وهذا من زمان كتير،وبعدين مابعرف ليش هالجدل ,Negative,0.7938000000000001
لا يتركون للناس حرية الإختيار، ,Negative,0.9164
لسه الخير لقدّام تسرّب المي موجودة من أيام انجاز المشروع ,Negative,0.7359
اما الخليوي فبتضحك هالشغلة شو السيد رامي رج يصير عندو ٤ شركات بدل التنين ,Positive,0.5078
والسلطة نسو فلسطين والشعب والقضية ولاشهداء ,Negative,1.0
صدقيني بكرا رح تقلو الحركة الي عملتها بالدهب وتعرفو انو اغلب الي عم نسمعو كذب بكذب .. ,Negative,0.9047000000000001
شو طابخين اليوم ,Neutral,0.7297
و مبروك الفيزا ,Positive,1.0
أكثر من عنا بياخدوا معاهم فودكا على المقبره ,Negative,0.8152
لأنو ما بقي الإيحاء النفسي ,Neutral,0.6101
والحب بدهم رعايه وعنايه كل يوم مشان يستمر الحب ويكبر ,Positive,0.8993
انك مش عارف شو بدك يا ريّس لا تتنحى واستمر في نضالك الى ان يتحرر الوطن ونحن معك على الدرب سائرون ,Positive,0.8915000000000001
ختيار عمره ٩٠ سنة عم يحكي مع الدكتور وهو مبسوط ,Positive,0.9033
و طبعا مع التشديد على أهمية ,Positive,0.6002000000000001
شو اخي انس عم تضارب عليي يعني ؟؟ ,Negative,0.8344
هادا اللي جنيناه من كل الوعود بالسلام اللي شاطرين فيها ,Negative,0.9067000000000001
يعني ما بحس تابع شغلة من الأول للآخير لأنو بمل ...  ,Negative,1.0
وعلى فكره اللي بدو ينشهر صار يتحجج بفلسطين ,Negative,0.907
أنا عندي الك حل حلو و بترتاحي ,Positive,0.8974000000000001
لك الله يعين هالشعب شو بدو يستحمل ليستحمل ,Positive,0.6012000000000001
لحق حالك قبل فوات الاوان !! ,Positive,0.642
وناكل مع بعض خبز الطين وشاي وقهوة الطين ,Positive,0.7218
صراحة انا متضايقة من هالوضع كتير ,Negative,1.0
شو ممكن يعمل فيه لانو هاد مو بس مجرم هاد رح يكون هو الاجرام بحد ذاتو ,Negative,0.9287000000000001
بدي منك تعلميني كيف اساوي هالشموع الروعة ,Positive,1.0
هادااا ااا لك معناتا مابتعرفنا لسى حبيب يا باطللل ,Negative,0.6581
وانشالله سنة الجاي روح على فيروزة ,Positive,1.0
ممكن يرجعوا لبدايات مشاركاتهم ومواضيعهم ,Neutral,0.6432
ولا الحقباني والصقري ترجى من وراهم خير ,Negative,1.0
والسبب انو شاطرين بالشعارات وبس .. ,Negative,1.0
وبالتالي بيرجع لعندك وانت اللي رح ... ,Neutral,0.597
يعني برايك انو الضرب الو فوائد تربوية مشهود لها في السنة و هناك احاديث تدعمها ... ,Neutral,0.5058
الحكومة ما بيقدروا ياخدو منها بسبب فياض  ,Negative,0.8257
أسوأ ما فيه مش ملاحظ انو عم تعمل اشي غلط ,Negative,1.0
بس لسى ما خلصوا الصور  ,Neutral,0.5089
منين بدو يطعميا ,Negative,0.7252000000000001
اذا عم تسأل بتسمح هالشي لاختك ، ,Negative,0.9006000000000001
و مو مناسب هالموضوع لحدا غير لـ «Off» !!! ,Negative,0.7252000000000001
أنا مستعد كمان ادعو حالي وحضرتي وسيادتي وجنابي للاجتماع .. ,Positive,0.8227
«[8D]» لا وتحرض ميمونا علينا بعد اقول مو حاصلك القدو ,Negative,0.7162000000000001
السائل الضعيف بطير مع الهوا والثخين بنرش على المنظر فبصير الرش محبب .. حبيبات صغيرة هاي الحبيبات على المناظر بتعطي ملمس التشجير .. ,Positive,0.5001
السؤال الاول على طول .. وجاوب بلاش اعذبك على كرسي الكهربا .. خخخ ,Negative,0.5059
ممكن تقلنا كيف اخترعت هالاسم الحلو مثلا ؟؟؟ ,Positive,0.7134
يا شباب التلفزيون العربي السوري ماشي حالو ... ,Positive,0.9053
تخيلوا ماحدكم يطلع بتكسي مدودة مهرهرة . ,Negative,0.7109000000000001
المهم انا موتوني او ئتعوني بس ما حد يسب على اهلي ,Negative,0.7009000000000001
مارأيكم في الرجل الذي يبكي من أجل الحـــب ؟؟ ,Neutral,0.45270000000000005
اه و الله ... شايفة يا نحول شو بتحكي بنت فلسطين  ,Positive,0.40190000000000003
بالنسبة للعربية ما في حدا راضي عنها ,Negative,0.9062
بتصل فيهن بقولولي في عطل بالدارة الدولية ,Negative,0.7485
واوقات دوام طويل لك يا معلق شو بدك بهل الحكي اجباري تجيب هيك سير ,Negative,0.8127000000000001
الجنس اللطيف ممكن يشارك في السباحة ,Positive,0.7003
يلا روح كنس البيت مجاهد «G» مسموح ,Negative,0.631
انا شلون في ناس عم بتتهم القاضي اني هو ما كويس وعم بتطالع مبررات على وحدة خاينة ومجرمة ,Negative,1.0
يلا ابو الياس كفى و وفا بتعليقو بس انا بدي اسأل ,Neutral,0.45880000000000004
وكل ما امنت على حياتها معو وهدا رأيي الشخصي ,Negative,0.5053
بتذكروا معي كان في مسلسل اسمه عفواً لأحمد الزين تبع لك يا أبو العف فينو ,Neutral,0.7279
ال انا رجل اعمال يعني طلعت رقم ٨ ههه لك رجل على البيت مو قادر يؤ يؤ يؤ ال اعمال ال مشكورة لولي  ,Negative,0.4063
أخت هلا بتمنالك التوفيق بالخارج وانشالله ضلي على تواصل مع كل أخوانك بشبابلك ..  ,Positive,0.9238000000000001
على فكرة أنا بعرف كل خفايا المافيا ... ؟  ,Neutral,0.4562
عارف حالي كسول شوي سؤالي الي بعده على طول .. ,Negative,0.7993
اما بنسبه للموضوع هو فكرة اجت في بالي بعد كزبه كبيرة ,Negative,0.4103
اخخخ ياشاام لك بدل هل فضايح ما تلمون سدقوني ما في احلة من الشام بوسخا بشعبا ب عالما بليلا بنهارا الله لا يدوقكون الغربة خصوصا ازا ببلد غربي وأتا بتعرفو شو قيمة زبالة الشاام ,Negative,0.9046000000000001
قال انهم بيستغبو المشاهد كيف للان ماقدر التعلب يمسك الطير ههه ,Negative,0.7098
وريّح حالك مش كل ساعة برأي ، ,Negative,1.0
بتحط جمارك قد حقها يعني بتدفـــع انت وعم تضحك وتلعب خمس ملايين ليرة ,Negative,0.8260000000000001
مرحلة الشباب ويكون فيها الإنسان أشبه بالحصان قوة وشباب وحيوية ,Positive,1.0
ان شاء الله بتحققي كل اللي بتحلمي فيه وبتتمنيه .. ,Positive,1.0
آآآه ذكرتوني بجاري العزيز والله ثم والله اني احاول ارضائة ومش عارف الله يصلح الحال افكر جديا ببيع البيت والبناء مرة اخرى  ,Negative,0.6067
يعني لما ننتقد التجار و الناس يلي بيهربوا من دفع الضريبة ، ,Negative,0.8027000000000001
لاني وئتها بحقد عليه  ,Negative,1.0
يلي معارض صار ما بيفهم يعني ؟ ,Negative,0.8472000000000001
أي و الله معك حق اصلاً ,Positive,0.8078000000000001
له له له ولك مافي ناس بتفكر بالبلديات ,Negative,0.8236
سكتت ... قالها زعلتى ؟؟ ,Negative,0.6033000000000001
أذا الأب الواعي وقت بيسألو أبنو وين كب الزبالة بابا ,Positive,0.399
سواء تم السكن والمولدات موجودة أو قبلها، ,Neutral,0.7974
وما تنامي غير بحضن بابا ,Positive,0.6391
رح نضل سخفاء ما في مجال .. ,Negative,1.0
الي بحكي انا من فتح بغزه بياكل هوا ! ,Negative,0.8052
و رحبو فيك البيت بيتك و نورت بس لا تفكريني ,Positive,0.8113
لووول للصبح فنان اجتماعي انت كل الاحترام ,Positive,0.9028
المشكلة عنا بحارتنا كليومين أو تلاتة بالكتيير ,Negative,0.8988
يعني انا زعلان من البلدية ليسش ما خلووو علم هولندة والله ,Negative,0.9001
تتهني فتاة بالحلو يا حلوة انتِ فراشة كيف المهرجان ليلة أمس ,Positive,1.0
لان الدين لله والوطن للجميع ,Neutral,0.5121
كل هيدا الحكي مش تبرير، بس انو شو بتعتقدوا ردّة فعل طائفة معيّنة ببلد الطوائف على افعال الطوائف الباقية اللي عم تحاول تفرض سيطرتها و نفوذها عالبلد و مش سألانة عن غير نفسها ؟ ,Negative,0.9122
ههه أهلآ خيوه العباءه مرررسي ،يعطيك العافيه بس ما فتح عندي الرابط  ,Positive,0.5849
يعني هما اليهود لو قادرين يشكمونا بايدهم كانو تركو هالاحزاب تشكمنا  ,Negative,0.9081
بس يا جماعة روقو شوي هلق بعرف أنو مو كل البنات هيك ,Positive,0.604
بقا رجاء مابدي بكرة حدا يجي يقلي كيفك انتي او منهاد الحكي ... هم ,Negative,1.0
ولكن المطلوب انو لو عندكن الشجاعة تعملوا المستحيل من مظاهرات وحركة في الشارع العربي واضغطوا على الحكومات ... ,Positive,0.5064000000000001
بس بالاخر انا مقتنعه مليون بالميه انه روح الشخص وطبيعته ومواقفه هي اللي بتجذبك الو ... ,Positive,0.9157000000000001
مش كل شغله لازم تمرء بتمنى من بعض المعلقيين ,Negative,0.6099
من كل اللي بدو يصير لحن الترتيلة ,Neutral,0.5985
اللي بيقرا كتاباتك بعد عناء بسدء انا مجرد شخصيات خيالية ,Negative,0.6479
وكمان بالمناسبة بس بدي سلم على سيدة الأعمال ,Positive,0.7055
ما حدى رح يقبل يتزوجنا بعدين جيبيلك موضوع بيرفع مستوى البنت مو يهز مكانتا قدام الولد ههه ههه ,Negative,0.5501
اى شو هالألفاظ الحلوة ,Positive,0.6108
لما يصفر الحكم وفريقي خسران ,Negative,1.0
و الي حاليا خالي من اي عمل مشرف قامو هم فيه ,Negative,0.56
أيوة ولغاية ما ييجي النصيب الكويس بدها تتحمل حياتها مع حدا بيهينها مثلا أو بيكرهها ,Negative,0.9066000000000001
بس ليش كل هل الفزلكه ,Negative,0.9061
بس المشكلة عندي ياه بالانكليزي ,Negative,0.9008
انا متضايقة لانني دايما متضايقة ,Negative,1.0
و الزلمة يللي حط الاعﻻن ما كان بباله أي شي عن البرازيل ... ,Negative,0.49760000000000004
وفي واحد حامل «الجيتارا» وعم بيلحن على كيفوا ، ,Neutral,0.505
ممكن نتساعد في إقتراحات ووسائل تقنية عملية لبرالوالدين الوافي هذا المعرف مشترك .  ,Positive,0.8023
و الله ما قصصر صدام و بيضل احسن من امريكا يلي ذلت الشعب العراقي بكل مذاهبه ,Positive,0.5508000000000001
و من ناحية السرعة حدث ولا حرج اولا التكسي بيلحق العجقة ,Negative,0.6434000000000001
رجائي من كل الاخوة القراء ان لا يلقو بشيء على الأرض مهما كبر او صغر ,Positive,0.9007000000000001
مع أنو ماكانت تزبط وفي ايميلات لسا هل ياترى بعد مافرمتت انحل شي ,Neutral,0.42310000000000003
وزي ما البنات في منهم نمامات في شباب لسه على اكتر من هيك ,Negative,0.9068
لابدمن تدخل حبيبنا الغالي ابو متعباللهم أصلح بطانة الملكعبدالله، وأرشده للصواب والحق اللهم آمين سبحان الله وبحمده سبحان الله العظيم  ,Positive,1.0
عن جد موضوع كتير كتير كتير مفيد وخاصة لأني عم ادرس فرنسي ..  ,Positive,1.0
شرط يكونو علمانيين ليحبو بعض ؟ ,Negative,0.4979
هو اكبر سوق خلونا نزبط حالنا كعرب وبعدين نطلع لغيرنا شكرا ,Positive,0.8176
يد أبو شهاب قالو ناقص وهو المتل الكامل ,Negative,0.5022
استنوني وخليكون معي  ,Positive,0.40750000000000003
الصراحة هيك صور بيردو الروح ,Positive,1.0
وبرجع بكرر هي ايميلي مكتوب وبتحدى حدا يرد ,Negative,0.6099
وحسب ظننا انها مجانا« فإذا كان لديك غير ذلك فدعنا جميعا» ,Negative,0.5141
لأنه بسبب الدعاء نجحتي ,Positive,0.9136000000000001
بس وين المشكلة لما الأهل عبقولوا للادارة اللحم الكم والعضم النا .. ,Negative,0.5969
فسياسة توزيع الدعم عند الحكومة ، انو وزعو هل الناس على العائلات السورية ,Negative,0.7967000000000001
الله يعينك وتذكر اذا انت فتيتها بمسيار او متعة مرتك شلون بدك تفتي لها ياها ,Negative,0.6023000000000001
او بدك تعيشي طول حياتك متحملتيها ... ,Negative,0.8209000000000001
و لتزهر ازهار الياسمين و الفل و النرجس ، ,Positive,0.905
بدك الصراحة انا هلا وقت بكون عم اقطع الشارع وبلاقي الشوفير وقف وقلي تفضلي بستغرب ,Negative,0.37470000000000003
ما بعرف كيف المنتصر والواثق من نفسه بكون مجلوط، شو هالتجليط ياعمي، وأنا بشكرك كتير على اعترافك بحقيقة وجودك بهالمنتدى متل قول الإمام علي ع «حقيقة المرء في فلتات لسانه» ,Negative,0.5021
والله زعلت عليه ,Negative,0.8157000000000001
يالله خليها تبين معو و خليه يوزع كاتو مرتين معلش منشان تعبك ما يروح ,Positive,0.6970000000000001
كل شي ارتفع ثمنه بارتفاع المادة ,Negative,0.8983000000000001
قال يعني بيفهمو بالخدم قال ، .. انطمو . ,Negative,0.9089
يعني على كم من ساعة ما رح يقصرو وما رح يحسبوها على حالن ,Negative,0.5939
بس نحن بدنا نسمع طرفتك بألبداية ويلي صارت معك ... ؟؟ !!! ,Positive,0.5072
انتو بس خلو النية موجودة ومو مشكلة ,Positive,0.7024
ممكن الي بيشتغلوا في موضوع الحسد هما الي بيفكرو هيك ,Negative,0.8012
طيب ماحس جارك انو صار في انفجار او شي انكسر . ,Neutral,0.7049000000000001
للخلف ؟؟؟ أما واحد رايق احنا بنمشي ساعة للأمام وبندوخ ههه لله في خلقه شؤوون سرني المرور هنا تحية شمس  ,Negative,0.4078
في حكمة من أنو عقولنا وتفكيرنا فوق براسنا ما هيكي !! ,Negative,0.44
جربوها وبلكي منطلع بنظرية عربية بعيدة عن القرود تؤكد ,Negative,0.5016
صورني بسرعه ٧٠ وأكلت مخالفه ، ,Negative,0.8139000000000001
بس عالقليلة لما بتسمع أنو في شي متل هيك بالـ «Firefox» ,Negative,0.3806
و اذا عندكم كمان مواقع يا ريت تفيدونا و خصوصا لتنزيل الأغاني الأجنبية  ,Neutral,0.6298
بدك تجرب ما وطريقة جيدة لتقليل النساء آخ منك لك شو بدي قلك مابعرف لك الله لا يعطي شيطانك عافية  ,Negative,0.4194
لازم ياخد المخالفة و هو خرسان مو هيك ؟؟ ,Negative,1.0
،مدري كيف هيك قلبن يتسع لالف بنت،بقى ,Negative,0.8276
المشكله الناس مابتخلص من كلامون ,Negative,1.0
مو طايقون وهي حدود بلادون المزعومة ,Negative,0.8987
مو الحق عليهم الحق على امراء عروش الحرير الي باعوا بلدهم وكرامتهم لاميركا ,Negative,1.0
بكل الأحوال الحجاب لا يعني الأخلاق، ,Neutral,0.3981
و بحسو انو هني قريبين من حدا و الغول ما بقدر يجي عندهم ههه ,Negative,0.46390000000000003
ههه تسسسلم يا عريس و ربي يقويك يا احلا أخ بل عالم ,Positive,0.9236000000000001
الحمد لله الثقة موجوده ,Positive,0.907
يعني مو انو ماحدا بيعرفهم بيتصرفو متل مابدهم ,Negative,0.8037000000000001
بتمنا ما اكون طولت عليكي ,Positive,0.5949
بس متل ماقالو الردود الباقية ممكن كل مرة تتطلع فيها بالمراية ,Negative,0.5081
و صدقيني هم هايفرحوا بردو لما ييجوا و يشوفوكي مبسوطة ,Positive,1.0
كتير زعلت ,Negative,0.9162
بس انت مو واعي للحل اللي هو ... ,Negative,0.5938
مشكورة بنت بلدي على هالإضافة عنجد مناح وبيفيدوا كتير يالله شو ماصار معنا زيادة بنحط هون خلي لغتنا الحبيبة تنتشر ,Positive,1.0
معلوماتا خسرناها هالأيام أين أنت عنا .. ؟  ,Negative,0.6106
بتمنا تقبلوني عضوه جديده ودا ائمه وانا ما راح اشارك باي موضوع الا ادا رحبتوا فيي ,Positive,0.799
وحتى انو مستعدين يدفعوا حياتهم مشان هالشي متل ماعمل بروس أخر الفليم ,Negative,0.4138
ووقت بدهن يمدوو انبيب تحت شي سرير ,Negative,0.6367
الحمدلله عالسلامة اخونا العزيز خلدون حدا بيترك شهر العسل وبيجي عالبصل بس عنجد خلدون الك وحشة بالمنتدى كلياتنا اشتقنالك ومبروووك الف مبروك والله يهنيك  ,Positive,1.0
ومو معقول شوفها بشي محل وما سلم عليها .. ,Positive,0.5514
و و و والقصة تكررت في ستين مسلسل ,Negative,0.9069
صديقي الصغير متل ما بحب ناديلك وانت بتعترض ... ,Positive,0.3951
اخ شو بدنانحكي نحن البنات،انا براي توقف بالطريق ,Negative,0.707
وما عم يضربوهم الا ليتعلموا يعني في طلاب قليلين حيا ما بيجو الا بالضرب ,Negative,0.5769000000000001
كمان لانو كبر و تغذى من ماء بلادي ,Positive,0.8026000000000001
فوق حقو دقو ,Negative,0.707
بس أنت واحد محشش !!! ,Negative,0.8964000000000001
تقبلي العزيمة دغري طقي ياها مالك مضطر تحكي مع فلانة ,Negative,0.5432
لأن اني كنت رايحة اودي ليه كريستالات يركبهم ! ,Neutral,0.7238
هالحالة بس بتصيب المخرجين ؟ شو مشان المخرجات ؟  ,Neutral,0.4622
بكتب التاريخ هالشي موجود و إذا أنت ما بتقرا تاريخ منيح هاي شغلتك يا حبيب .. ,Negative,0.7996000000000001
أهلا و سهلا فيكي و صدر البيت شبابلك الك و العتبة النا و نتمنى أن تفيدي و تستفيدي أخوك محمود  ,Positive,1.0
ما بتستحي بركدن أختك فاتت و قرت هالكلام اللي انته كاتبو ؟؟؟ ,Negative,0.9042
هاد الحكي مافي مصلحة إلا للتاجر وبس وهي طريقة جديدة ومبتكرة ,Negative,0.6003000000000001
أول شي هلّول انا ساكن مو بالشام انا ساكن بنص الشام و بحياتي ما سمعت هلأصّة ؟؟ ,Neutral,0.5313
يعني شغل دعم على كيف الكيف فتامينات غير شكل و روح ,Positive,0.41390000000000005
بس بعتقد انو الاموات بيحسوا فينا وشو عم يصير معنا ,Positive,0.3517
و اضافة وصمة على جبينهم ليعرفهم كل من يقتربون منه ,Negative,0.9058
و هي مني احلى هدية قالب كاتو علية شمع  ,Positive,0.7982
صار معدل ٢ صوت تقريباً لكل ٤ دقائق ,Neutral,0.9133
انتبهوا لاتنافسونا ,Positive,0.371
ولكن الدولة السوريية دولة دينيية جدآ جدآ ... إذن ... ,Neutral,0.5069
يا عمي يا أبو الفوددد والله شي مرتببب عن جد الله يعطيك ألف عافية ,Positive,1.0
أولا السكر كان خام يعني قبل المعالجة بقا لاتخاف مارح تاكلو وانت هاد يلي أكل همو أرجو محاسبة مهندسين الامان وكل من له علاقة كما أرجو عدم اهمال اي نوع من انواع الامان وعدم الاستهتار ,Negative,0.41240000000000004
بس الظاهر انو زوجك عندو وقت فراغ الله يعينك يااختي ,Positive,0.4068
بحط العقل بالكف ,Positive,0.3919
لانو هذي احصائيات والنتائج عبارة عن الاغلبية مش الاجماع ,Neutral,0.5047
هالناس بفكرة يمكن او مو يمكن اكيد مالح يلحقو يشوفوها ,Negative,0.4908
وكمان أنو تغيري نظام الحماية بالطريقة الي قالولك عنها الشباب، شغلة كثير مهمة . ,Positive,0.803
لدرجه أنو صارو عم يتمسخرو عليي ,Negative,0.9083
وانشاءالله بتضل محبوب من الجميع ، ,Positive,1.0
من تحت فراشك أطلعلك من بين سنانك ,Negative,0.5092
وانا بشوف القسمة والنصيب ما لها اي علاقة بالزواج التقليدي ,Negative,0.3725
اساء التقدير بالكلمة ؟ ولا كيف !! ,Negative,0.7263000000000001
سويتاية .. ,Neutral,0.6545000000000001
هيك عالم ، بتعرف تلعبها ع الحبل اللي بدها اياهـ ,Negative,0.905
صحي واع و ويع .. بس والله ضحكة ولد أول ما بتفيق بتسوى الدنيا .. ,Positive,1.0
أخي كميل كثير بشكرك على هل كلام الحلو ,Positive,1.0
والله لازم نغار نحن .. ,Negative,0.6993
فكرة بتجنن يا بلبل ... ,Positive,1.0
شريييرة سوووس هيك بتخلي عمو اسامة الشرير يشمت فينااا ,Negative,0.6125
او جورية يعني هدول من أغنياء المنتدى عنا ,Positive,0.4994
وإن شاء الله بنشوفك دائماً هيك مشاغبة بيننا .. ,Positive,0.8995000000000001
والحمد لله انو شفتو قبل ما الله ياخد أمانتو ونفس الكلام بنطبق على ملعب الحمدانية ,Positive,0.6037
لا تنسى تاكل ملوخية كل يوم سلام ,Positive,0.5078
بدل ما ندعيلهم بنطلع نكت والله عيب ,Negative,0.9082
يلا مو مشكلة منروح أنا وياك وأكيد رح نرجع نخبرهن شوا صار ,Positive,0.7982
ههه في منو هالكلام بس كمان كل من الرجل والمرأة اله ميزاتو وخصائصو يعني في مقاييس لجمال كل من الرجل والمرأة يسلمو  ,Positive,0.5119
شكرا الحقيقة ملف قوي جدا ولو تقدم السنة كان طحش اكل وما حدا كان زعل من الفيفا ... ,Positive,0.7655000000000001
اذا كان الرجل حباب وعاقل ولطيف وووكتير صفات ما بتتصوريها ,Positive,0.9021
شاعر الأحاسيس ..  ,Positive,0.5962000000000001
تركتون كلون ورحت عالمتجوزة مشان تخرب يا بيتا يا بيتك ,Negative,0.9037000000000001
وهو سعيد بالكلب وخبر زوجتة بأمر الكلب ,Positive,0.6005
اما الممثلين فكلن عالعين والراس وتعبوا بتادية ادوارهن ، ,Positive,1.0
منورة انتِ وماجدة والكل النور نوركِ يا حبيبتي ,Positive,0.8307
كدا هبل و غباء كدا تمام آآآمين دمت ,Negative,0.903
شي بيبكي والله ... ,Negative,1.0
كل عام وأنت بألف خير فوز والسنة الجاية ,Positive,1.0
و يأكل و يشرب على طريقته . و لبس على طريقته . ,Neutral,0.6394000000000001
الله يبعد عنك وعن القارئين المرض .. يارب ... ,Positive,0.9081
بعدين هاد اسمو اسراااف والله سبحانه بدو يحرم كل شخص مسرف من النعم ,Negative,0.907
يعني اربع اطفال كمان شو ذنبون يعيشو باسره مفككه ,Negative,0.9043
الى من قتل سميح المدهون الى هولاء القتلى ,Negative,1.0
نهى القران عن الرمي بالنفس الى التهلكة .. ,Neutral,0.5103
ولا اي سناء الغالية يلي على طول خاطفى الكباية تاعي من راس الماعون ,Positive,0.4544
الشخصية الي تناولتها الحمامة بخاطرتها هي الزوجة الي بيتمناها اي رجل ,Positive,0.8294
وهني مفكرين انو هالشي فخر إلن ... ,Negative,0.8001
ما شاء الله كل واحد محسبلك حالو افلاطون وبيتفهمن عليك بل القوانين الي الا طعمة ويلي مالا ,Negative,0.9082
أولا بحب أشكر ادارة المنتدى على هاللمة الحلوة كتير واللي فرحنا فيها كتير ... ,Positive,1.0
يعني اللي بدي ارتبط فيه معناها راح افداه بعيوني ,Positive,1.0
ياستي بما انو نحنا صار بينا عزايم قبل ما نتعارف هون ...  ,Positive,0.7986000000000001
لا حدا يتمسخر يا شباب هاد سبب من اسباب الفقر ,Negative,0.6940000000000001
وفيك خير طبقها واني باطبقها بعدك .. بس على كل حال مشكوريمكن تعبت وانت تكتب ,Positive,0.9096000000000001
وكان مطلوب لكن هلا انا حاسه انو ما راح يصير كنت فاكره الموضوع سهل كتيررر ,Negative,0.8240000000000001
حسابك بمقر العصابة ... ,Negative,0.7011000000000001
نحنا بس منلحق اخبار العالم . ,Negative,0.6289
بالنسبة لتصفح المواقع الاباحية سيكون طبعا مغلقا ,Neutral,0.461
حرام إنت شو ذنبك بهالبهدلة كلها ؟؟؟ ,Negative,0.8029000000000001
وهو نادم على هالشيء ورجع لصوابه واللي سار له مو قليل ,Negative,0.509
وان شالله بتعجبك طلتنا .. متل ما عجبتنا طلتك ..  ,Positive,0.9027000000000001
والله أنا بموت بالقراية ,Positive,0.9033
اكيد دمار وانا كمان بتمنى هادي الشغله بس الناس صارت بعيد عنك لا دين ولا ضمير كمان في هادي الايام  ,Negative,0.9164
معاملة كويسة بس عنا ولـــي كتر خير الله ,Positive,0.6312
المرأة الناجحة تجعل بيتها قطعة من الجنة ,Positive,1.0
فالله يسترنا من الشقاوة .. ,Positive,0.5944
ونفس هالشغلة المزعجة عانيت منها ، ,Negative,0.9157000000000001
و وقتها ما عبرتها لا أنا ولا مضيفين الطيران السوري يلي يمكن ما عرفوها، ,Negative,0.8206
له يابنتي ليش هيك عم تحكي هاد فوق ماخاطرت بحياتي وكشفت الاوراق .. ,Negative,0.7015
بيوقع بيئلبا يا تعتيرو حفرتنا صارت احلا من الجنه شركات الدنيه عملتلا رنه ,Positive,0.5013000000000001
وحتى لو كان مشوه وفيه مليووون عيب هاد بيضل انسان ,Positive,0.5912000000000001
والله يا جمول اذا بحب شخص وما بحبني ما بروح اعترفلو حتى ,Negative,0.709
ومافي حدا بالعالم معصوم من الخطأ ايا يكون ,Positive,0.5097
لأنك رح تكبي الزبالة بهالكيس ,Neutral,0.457
شايف الممرضة طالعت حقها بهل الضربة مع بخشيش ,Neutral,0.543
ليتنى اعيش فى مكان لا تنقطع عنه الثلوج ... ,Positive,0.6054
غيرو ومات ومابدنا نكسر يمينوا حرام الزلمة ميت ,Negative,0.6952
أكتشفت جوره تانيه بشارع تاني ,Positive,0.5332
كل سقالات العالم هيك بيركبوها ، ,Neutral,0.496
وعقبال ما نلاقيك بيت ديفيندر توتال سيكيوريتي ٢٠٠٨ الهي .. ,Positive,0.6004
وانشالله منشوفك فاتحة صيدلية كبيرة بحارتنا يا جارة الوادي ,Positive,0.908
بس ماتصير أسوأ من هيك ...  ,Negative,0.8037000000000001
بجوز في بنات بيستثقلوها بالاول ,Negative,0.4514
وهوي عم يلف الدوار وصرخت فيه هداك الصوت ابو جانتي قام فات بالنص ... ,Negative,0.6439
لا تحاولي انك تسامحيه ما رح تقدري .. ,Negative,1.0
معناتو انت عضو خفي يعني من اهل الدار .. ,Positive,0.4902
المهم هو عدم التسبب في المشاكل الطائفية ,Positive,0.7083
وبيقرا الكف و الفنجان ,Neutral,0.5881000000000001
بس المهم يوصل كيف وليش مابعرف المهمة يوصل يتبع ,Positive,0.5009
و بالمقابل حلوا عنـــا و تركو الحجاب وكل حدا يصطفل بهدايتو ,Negative,0.8473
اما بالنسبة للطالبة بنقدر نعتبر الموضوع مجرد خلافات بين الطلاب ,Negative,0.5059
بس صار غير ايام زمان صار بهل وقت نادر وين تلاقي الشرف ولاحدا ينط ,Negative,0.9102
المهم يلي بعرفو إنو ممكن إدراجو تحت بند مسلسل مكسيكي .. ,Negative,0.4615
مبروووك للحلوين وعبال الشهادة الكبيرة ,Positive,1.0
وما فكر لو واحد تاني عطاه هيك كلمة شو ح يكون شعوره ... ,Negative,0.655
وفعلا استفدت بهالموضوع جدا ,Positive,1.0
و الله صار لي كم سنة عبدور على بنت عندها اخلاق و تحبني ,Positive,0.5502
وهلأ انا ماكنت غايبة عنكم كل يوم عم ادخل للمنتدى و اطمن عنكن ,Positive,0.8179000000000001
بس عنا ماخدينها شطاره مين بقدر يتئص على اكبر عدد ممكن على بنات ,Negative,0.9011
ياااه يا انجل شو كلماتك حلوه وعباراتك رائعه يعني شي ما بيترك للواحد يعلق الا انو يحكي يسلم قلمك وايديكي  ,Positive,1.0
فاصبح البعض يتهم الاخرين بانهم يتبرؤون من سوريته و من اصله . ,Negative,1.0
انظر ماذا حصل عندما صارحها بانها مدمنه كميوتر ,Negative,0.6957
صغيرة السن كبيرة العقل و الفكر أحسنتى ... ,Positive,0.9168000000000001
شو وين قاعدين لعمى اخي طفو التلفزيون عم تتفرجو كتير انتووعلى التلفزيون ,Negative,0.9057000000000001
مع اني ما لقيت الهلال من بيتنا ؟ ,Negative,0.5071
وعليكم السلام ورحمة الله وبركاته اهلين وسهلين  ,Positive,1.0
حشاش عم يقسم راتبه اول الشهر وعم يقول ٥٠ للاكل ٥٠ للكهرباء ١٠٠ اجار البيت ٥٠ للحشيش، ,Neutral,0.3755
فبدل ما نواجه بعضنا بالحقيقه حتى نصحح اخطائنا ,Positive,0.455
وفنجان شاي وما بعرف شو ,Neutral,0.4546
لاني هيك بفهم ديني نحنا دين عبادة وعمل مو بس ندور على الثغرات ,Positive,0.49870000000000003
احنابنستاهل بنستاهل اكتر من هيك ,Negative,1.0
يضايقني جداا مايكتب من مبالغة ليس لها اي اساس والواقع يقول غير هاذا . ,Negative,0.9092
و كيف ممكن تسعد امرأة و تحصل على السعادة مع امرأة . ,Positive,0.5988
لازم ما نسمحلهم يفوزو علينا وما نخلي مجهودنا وتعبنا يروح عالفاضي ,Positive,0.6942
بستثناء اني راح ابرر سبب هذا الابتعاد ,Neutral,0.45780000000000004
و بأم الرور ,Neutral,0.7007
كيف الجميه هنا انشاءالله الى كل يكون تمام تسلم المشاغب المشاغب ,Positive,0.6498
الله يرحم الحـــال ..  ,Negative,0.6957
نتيجة لقصص ومقالات قديمة كتير كنت أقرأها ,Positive,0.5133
بكفي ولما تصير فيها خلفه من كتر المواضيع راح تفقد  ,Negative,0.8243
عمل العالم الإقليمي المجاور للبنان كلّو متواطيء «:o» ,Negative,1.0
مرحبا ولك يقبرني الحلوة يا قشطة انا مرتي بدي ياها تكون احلى من هاي لسى خخخ ,Positive,0.9013
بس لا تلعبي كتير مشان ماتكسري شبابيك الجيران ,Negative,0.5073
ارجو من النساء الا عم يطلبوا القيصرية طلب اقول لهم كفى جهلا ,Negative,0.8172
والله الحمد لله انا ما بعمل اشي غلط  ,Positive,0.812
الأنسانية لا تقف ضمن دائرة الحدود والجغرافية ... ,Positive,0.6355000000000001
الصين من دول العالم الثالث بس سوريا من دول العالم الف فليش المقارنة خلي المقارنة مع الصومال ااو جيبوتي يعني اشوق ,Negative,1.0
ان شالله يكون رب العالمين رح يعوضك خير هالمرة ، ,Positive,0.9167000000000001
أنا حملتهم و بس ما قدرت اكمل سماعهم  ,Negative,0.5023
بس ما علافت شو هيي هالمطاعم اللي بدها تفتح بسوريا ,Neutral,0.6044
بكفــي قتل .. بكفــي فتنه  ,Negative,0.7285
فورا بروح بنقرها جيزة من السكرتيرة ,Neutral,0.46040000000000003
مانزلو المشكلة انا اليوم نزلتو ولسه ما نط حدا لجربو ,Negative,0.508
على شنو هاي حضارتنا وهاد مجتمعنالا ,Negative,0.44380000000000003
للعلم عم يبنوا نفق تا يريحو الناس وهو الي صار عم يريحوهم من الحيات ,Negative,0.6366
وعن المجنون حتى يعقل ,Neutral,0.5011
حشيشة وبتشتريلي بوشار على الطريق ,Negative,0.7052
الله يعين الرجال شو متحملين من النساء المتجبرات ...  ,Negative,0.5488000000000001
جايه نشيطه اليوم صدى ,Positive,0.9027000000000001
والله ياشباب انتو مزودينها شوية ,Negative,0.8241
ساعة حمص بطحينة بس حلو الواحد ينزل يشوف الغنى الفاحش بالجنوب ,Negative,0.5058
و بالقطن الحلو شو إغتنينا يا تلج زرعناه بإيدينا يا حمام الغيضا ,Positive,0.7986000000000001
روئي أتفضلي هي قهوة اهلا وسهلا ,Positive,0.8198000000000001
خليه هو يلاحقك طبعا كلو وهم لا تعملي شي غلط بتصيري متلو سيئه ,Negative,0.4556
وبعد سنه الله رزقهم بصبي وكان لونو اسود ,Positive,0.4999
لا احاولي على كلن آخرتكن للمطبخ ههه ههه ,Positive,0.424
يا سيدي كنت قبلت برياضة !!! بس فجأة لقيت بوشي ... ,Negative,0.7121000000000001
والا بدك تاكل الحلوان علينا ما رح نكلفك كتير ,Positive,0.7305
هو هادا الجامع اللي بنصلي فيه أنا وخنفوش  ,Neutral,0.5029
يعني انا كنت في الطاقم الاداري لاكتر من موقع ,Positive,0.5901000000000001
انا معجبه بكل اعضاااء المنتدى عشان هيك حبيت انضم لكم  ,Positive,1.0
يعني فكر انو لا سمح الله هالطائرات هي اسرائيلية هاهاهاها ,Negative,0.7416
انشا الله بتحققي كل اللي بتتمني إلك و لكل اللي بتحبيهن ...  ,Positive,1.0
وانشالله تحقق كل الذي تتمناه في حياتك ,Positive,1.0
ويد وحده مع تمنياتي بالتوفيق للجميع .. ,Positive,0.9031
ويحطوا مواضيع جديدة . ,Positive,0.6910000000000001
أما يلي عندو أي حجة أو فكرة أو رأي فليطرحو بس بموضوعية ,Positive,0.8179000000000001
دخيل الغيران انا بس ,Positive,0.5523
وانو ما بحطها واطية غير ليلي خلقو ,Negative,0.8997
بس اجت متأخرة وانشا الله بترفيعكم للسنة ,Positive,0.6015
وكتير بحب الممثل العظيم أيمن زيدان ,Positive,0.9168000000000001
هاد كيف لو ماكان مطلوب من الشخص الصايم انو يكون صبور ,Negative,0.40990000000000004
المشكلة اني ما فهمت اللعبة منيح ,Negative,0.8958
وجد تمنينا انه تضلي معنا وقت اطول بس متل ما قلتى للظروف احكام ,Positive,0.6062000000000001
و ازا بدك تقلي الكلمة المعهودة ارجع للدين ,Negative,0.6019
هلق الثاليوم صار سم غريب حتى علماء السموم الانجليز مانن سمعان فيه ؟؟؟ ,Negative,0.6122000000000001
مفتاح يخرجك من عتمة  ,Positive,0.8151
بس قبل اي اشي لازم افهم ليش عمل هيك ,Neutral,0.49610000000000004
الشغله الها حسابات دغري بروح عالحوادث ,Negative,0.7333000000000001
لك مبييينة استنوا شي ١٠ سنين تانية ليش مستعجلين لتعلنوا هالشي ... ,Negative,0.8961
أنا ما دخلت لهون عالمنتدى لحتى ترحبو فيني انا بكره الاسلوب بالمنتديات الترحيب والمجاملات بحب كل واحد يعطي رأيوو بصراحة بدون أي مجاملات بالعبارات المنمقة  ,Negative,0.3768
هالموضوع بالذات بيزعجني كتير ... ,Negative,0.804
اما بالنسبة لفينكس وفتح الثورة ومؤمن كلهم كوك ومؤمن كوم ,Positive,0.45930000000000004
وحامل معو علبة فيها الشبكة ومارح يتعطل أبدا عاللبس ,Positive,0.7002
على كل تعودنا على التهديدات و كمان نحنا عنا مفاجئات مو بس حزب الله .. ,Negative,0.9053
وخللي بالك من هون ورايح راح اراقب مدونتك ,Negative,0.5445
انا تعلمت من الدنيا ما في اشي بستاهل ,Negative,0.593
لا حول ولا قوة إلا بالله ,Positive,0.5963
له ياخالد ماحبيتا منك أبدا شو هالأخطاء الإملائية التصحيح ,Negative,1.0
و الاشاعة الجاية  ,Negative,0.5429
خيتووو اذا تبيني احط لك الصور اللي حصلتهم مافي عندي ما نع ,Positive,0.5096
بس مو مشكل .. يمكن معك حق .. ,Positive,0.4567
و الاقتصادي و الأخلاقي و الثقافي فعدت الى الامارات علما ان المصروف اغلى في الامارات ... ,Negative,0.4696
والله صعبي بس معليش الله كريم والله يخليلكم الي عندكم ,Positive,0.7997000000000001
ونشا الله السنة الجاية متل هلأ بتكون محقق كل احلامك مع رشرووش ,Positive,0.9026000000000001
بس ما قدروا لانه الله عز وجل ما كاتبهم لبعض ,Negative,0.7036
إلا اللي أمه داعية عليه على أيش بده يجي على سوريا ,Negative,1.0
امرأة غير مثقفة اولاد غير مثقفين منزل مليئ بالجهل ,Negative,1.0
وأكيد صار عندنا نقص بموارد المياه بهديك المنطقة ,Negative,0.8210000000000001
الن يصل الفايروس الى اجهزتنا ٠٠ ,Negative,0.7989
له له له هيك كلكن عم تتتمنو نفس الامنيه للاخ اسامة ,Positive,0.7909
يعني وضربها بتكون إلها لدة أو أول مرة يضربها ,Negative,0.8114
ولما صار وقت الفاتورة ما رضيوا يعطوها فاتورة ,Negative,0.7388
لك بتلاقي الوحدة فيون يعني المدرسات ناتعتلك شي كيلين بندورة على شوية بتنجان ,Negative,0.717
ولي كارلوس فرطت ضحك ,Positive,0.6033000000000001
مبارة نااايمة صراحة ,Negative,1.0
ألنا ألولد يمكن رجال عدل ونور يا قلبي شو مغشوش تاريه طالع لأبوه ,Negative,0.8084
فأكيد نظرتي للاتنين مش وحدة  ,Neutral,0.5377000000000001
ديروا بالكم بكرة بيفوت على المنتدى نيكولاس كيج، وبروس ويلس، وشين كونري ... ,Positive,0.4923
لان المنظمة الانساانية بتكوون صااحبة قراار و راي وموقف ,Positive,0.5403
قربت على اي حكي من الي قلتلي ياه بدي اشتغل ؟ ,Neutral,0.4536
هادا من زوقكـ العفو ولو هاد أقل شىء ,Positive,0.86
إنت باحلىىى منتدى وبين احلىىى إخوة ورفقة ... ,Positive,1.0
وهي كرت دعوة خاص لزيارة قسم الرياضة المحلية .. ,Neutral,0.6056
كانت بتقدم الأكل لأخواني و اختي الصغيرة منى كانت بتساعدها و الذكور كيف عادتهم بيلاعبوها و بيضحكوا عليها عشان كل مرة بتجري عند ماما و تصيحها ,Positive,0.6399
لاحدا يقول مافي بأوربا وأمريكا في أكتر لسى والمفروض ,Negative,0.7294
الدنيا علمتني ان اك ثر الاقارب عقارب ,Negative,1.0
سبحان الله ياشباب بقيت ٩ ساعات عم فكر ,Neutral,0.4948
لاموني اللي غارو مني ,Negative,0.41300000000000003
لقد طرحت من قبل هذا السؤال في احد المواضيع ,Neutral,0.7997000000000001
وكنت اسمع انو المواد دائما الها تسعيرة واحيانا تتغطى باسم دروس خصوصي ,Negative,0.6035
يا شباااب بدناش كل واحد يصرح من عندو  ,Negative,0.802
دينا ولسى لح تشوف شباب أروق من هيك ,Positive,0.7259
غزاوي سبشل حكى كمان بدو يجيب هادا معاه مهلة لحد الجمعة ,Neutral,0.5388000000000001
بكفي جبن وخوف  ,Negative,0.8975000000000001
راح يعتمد علي انا اذا بربيهن منيح راح يعرفو ,Positive,0.6407
ولا حدا كان يتوقع انو الجيش الاسرائيلي يحاصر السجن في اريحا ,Negative,0.8023
و الله يرحم والدة الشلهوب ... ,Positive,0.5064000000000001
بيجوز ،، بس البنية لابقة لصفاتي اكتر لاني في العمل بنسى اهلي ،، س م ا ح  ,Positive,0.5953
اكيد راح اسمح للاولادي باستخدام النت لانو كل شي في هالدنيا سلاح ذو حدين مش بس النت ,Positive,0.6928000000000001
كلو بيحب منظر الدم» وخليها لربك ... ,Negative,0.9061
مسلسل أحلام كبيرة وليالي الصالحية التوب بهي السنة .. ,Positive,0.8015
المشكلة انو توصل المياة للريكارات ,Negative,0.8196
والله حلال اعدام كل واحد بيقول عن حالو حماس لانهم ناس ما بتعرف الله بالمرة والله حرام الى بيصير لازم يكون فى تدخل عربي ودولى علشان يبيدوو حماس ,Negative,0.9176000000000001
لانه الخوف يؤئر على الشخص وتضعف قدرته على التعامل مع الواقع ,Negative,0.503
لعن الذين كفروا من بني اسرائيل على لسان داود وعيسى ,Positive,0.3688
ممكن الشرطي تصرف منه ١٠٠٠ ليرة ,Negative,0.5543
يا من تلقبين نفسك بالمجنونة، ,Negative,0.7045
الحقت على المواطن الغلبان وعملت الترخيص للسيارات رسوم كامله غير معفى من الخصم ومفش سياره مشطوبه الا ولميتها وصار تاجر الخرده اكبر رجل اقتصاد ,Negative,0.9079
او هو ببطن امه مكتوبله حياته وشو راح يصير معه مثلا في نساء بتسقط حالها ,Negative,0.6384000000000001
أما الباقيات فالعياذ بالله حتى أصبحنا لانعرف بعضهن إلا من الأصوات ... ,Negative,1.0
أمنياتي الصادقة بحياة سعيدة ... وبأولاد كثر ...  ,Positive,1.0
وما تخاف في كثير انواع للترحيب عنا يعني دير بالك ,Positive,0.6982
ان شاء الله بشوفك ببيت العدل على هالوصف !!! ,Positive,0.6982
طيب هاد عن كذب النساء مافي عن صدق النساء ؟؟؟  ,Negative,0.4632
يلي للأسف نسيوا شو يعني أخلاق ,Negative,1.0
ايه ما شاء الله عليكي عيون في حدا ما بيحب السلام ويريده للكل اتفنني ع كيفك .. ونحنا هون معك  ,Positive,0.8033
عمو . . بيسلم عليك البابا وبيقلك إذا هي مو راضية تبوسك أنا ببوسك ,Positive,0.7195
و كمان مرة شكرا» كتير لأنكن تذكرتو عيد ميلادي ,Positive,1.0
ان هلق دريت والله ,Neutral,0.4093
موضوعك رائع اختي نور العيون ,Positive,1.0
فأنت حي لأنو هنيك بتضحك ,Positive,0.9086000000000001
الدنيا صارت اخر زمن ,Negative,1.0
هوي المطبخ واكتر شي بتحبو الست هوي المطبخ بلا من هالفوتي يا رجال على المطبخ ,Positive,0.5977
انا من راي اخي العراب فعلا الرقابة تبعنا هيي اللي تعبانة ,Negative,0.9026000000000001
جمال عبدالناصر يا هلا والله نور المنتدى باخونا .. ,Positive,0.8339000000000001
بتعرف يا حج كامل انا بظروف شغلي الليلي بظل نايم من الساعة ٢ الظهر لل ٨ المسا ,Neutral,0.40840000000000004
يعني انا حاضر المباراة لاخر دقيقة ايمتا اخترق الدفاع و ايمتا سدد كرة مميزة انا مافهمتا هاي ... ,Negative,0.5575
هذي صورة ولا اروع للبحيره تبين مدى كبر هالبحيره شكرا يا رائع على هالتصوير ويا ريت تصور بحيرة العكرشية الي بالحمادة  ,Positive,1.0
ام ان الشباب يعني ما بدهون وجه مشدود و نضارة وتحريك لدورتهم الدموية !!! ,Negative,0.5141
عجبكون برنامج والله انا بهمني انتو تكونو مبسوطين ,Positive,0.8995000000000001
يمكن اتاخرت بالترحيب ,Negative,0.5409
مش مشكلتي اذا بدك تبني مستقبلك وما في فرصة بالبلد . ,Negative,1.0
لأنو جهازي بقيانلو نكشة ليسلمها شلون بفيروس كمان ,Negative,0.8962
اسف بس صراحة دمي فاير قال ولد بدو يصير مدير اللي معو توجيهي بصير عندن مدير طيب اللي معو دكتوراه شو بحطو نبي ؟؟؟ ,Negative,1.0
لذلك حاج بقى تعمل دعاية ببلاش للمسلسل اذا كان عنجد مو عاجبك هالمسلسل ,Negative,0.717
يعني يلي ما عم بفهمه ان منحكي على الميزانية و كأن هي عدو المواطن ,Negative,0.9036000000000001
وانتي اعملي نفس الشئ مع صديقك القديم قبل الزواج وهذا حق شرعي لك .. ,Neutral,0.37460000000000004
بس المشكلة انو مو دائما بتقدري تكتشفي شخصية الرجال بالخطبة ,Negative,0.7245
والله يا حجه النسوان على راسنا من فوق وما بنقدر نستغني عنهم هم اغلى اشي في الدنيا  ,Positive,0.9033
بس هاي يمكن للناس بكونوا اجدد ع زيجه بتصير الزوجه ,Positive,0.4445
حجا مقبولا ً نشالله الله بيكسر لك رجلك وما بيخليك تطلع عالطيارة . ,Negative,0.6509
والله بصراحه أنا كتير كتير كتير كنت معجب بدور الفنان جمال سليمان بمسلسل زكريات الزمن القادم ,Positive,1.0
بجد موضوع حلو و مفيد بس ياريت تقولي اذا بصير بدل الماء نشرب شاااي بجد لولي انا بشرب شاي كتير فوء العقل ...  ,Positive,0.597
وطبيعي مو مهم اذاكانت اللوحات موجودة ام مرفوعة او حتى معدومة !!! ,Negative,0.9124
كيف ما بدومشان يتزوجني ,Negative,0.37360000000000004
و اللوادئة معروفين إنن تنابل ... ,Negative,0.7152000000000001
بعدين قرروا يكشفوه وكلفهم ملايين الليرات ,Neutral,0.5021
قصص الحب تآع اليوم كله فآشل وصدقني فش ولا حده بصون التاني  ,Negative,0.9092
ويتحطها «c:program files/msn/» يعني بالملف تبع الماسنجر ,Neutral,0.7367
هففف يعدمني شركة نوكيا الهي ، ,Negative,0.9108
مش بعض ناس اول ماطلبنا منهم صارو بدهم يقتلونا ,Negative,1.0
كانت أول شيئ بشوفو بعد رجوعي للمنتدى بعد غيبة مو قصيرة ... ,Positive,0.46140000000000003
ولا والادهى والامر وكانه الزعتر بطلع عندنا في غزة على السطوح مع الندى ,Negative,0.6047
لعند مديري وقلتله انا راجع لسوريا انا بلشت سنتي هيك ,Neutral,0.4953
انا هلاء عملت الاختبار وطلعت نتيجنو ٥١ مابعرف هيك منيح لما لا وكلام مافهمتو شكراً كتير كتير ع الموضوع تحياتي قمر السعوديه  ,Neutral,0.39330000000000004
ومن كل الطوائف وبأحسن الجامعات والمطلوب منك تساعد شخص ,Positive,1.0
دورية ياجماعة هادا أكيد طالع جولة أو كبسة على المراكز التعليمية ,Negative,0.5404
يعني انا مو شايف غير بنات الله يجيرنا ... المعذرة يعني ,Negative,0.8085
وطبعا شر البلية مايضحك ,Negative,0.7183
لحتى نقدر نتواصل معو ونفهمو ونفهم افكارو بشكل جيد تحياتي ,Positive,1.0
و بنفس الوقت هم يللي بدهن نصائح ,Negative,0.7125
و الظاهره هي خفت جدا بالمقارنه مع ما سبق عليه الحال ,Positive,0.5394
ما تقول انت بعيد مو مشكل بنركب باص هوب هوب وبنجيك ولا يهمك ,Positive,0.5982000000000001
مدردحه بكل اختسار يعني كتيرة برم وبتاخد ع الناس بسرعة بسرعة  ,Positive,0.7989
ما رح احكي بس رح انسخ قصة شفتا بغير مكان ,Neutral,0.7315
ابووو الخل كل عام و انتا بألف خير ,Positive,1.0
بكل قصة اغتصاب او قتل او سرقة وما في داعي لتعرية الواقع اكثر مما هو قاعد بزلط ربه ,Negative,0.898
خايف منهاا خلص شروق لاتطلبي منو شي تعالي عندي ,Negative,0.7097
وعم تدور على كل شي ممكن تستعيد فيه هالراتب المبتور اللي عم تعطيه للموظفين ,Negative,0.9062
وانشاء كل اللي قروو القصة يستفيدو منن العبر اللي فيها ومايخلو القارب بدون مايكون فيه أحد ...  ,Positive,0.9004000000000001
انا كتلك لغتي العربية بتهوي ,Negative,0.6369
يعي بالصورة مبين كسرين بالزجاج ليش مدهوش او مدهوشة مدهوشي ؟ ,Negative,0.8025
ليلة فرحنا يوم الخميس ...  ,Positive,1.0
ليش مش كمان الوطنية يقاومو ,Negative,0.7608
فوق ما بتتصور وأهلا فيك النديم ما بيصير نضارب على بعض ,Positive,0.7333000000000001
افكارهم وطريقة تعاملهم وتصرفاتهم وكلامهم وكلشي كان يختلف ,Neutral,0.4509
لاحظو أنو القصة فيها قسمين الخيال والواقع ,Neutral,0.6381
وأخير والحمد لله نجحتوا ,Positive,0.8191
أكيد انت من المنتفعين ، أو أنك ابن مسؤول و خايف على كرسي أبوك . ياسيريا نيوز ليش ما عم تحطو كل الآراء ,Negative,0.9117000000000001
بس الواحد مابقدر يحكي لاي حدا مشاكلو يعني انا بفضل اني مااشكي لحدا بالمرة غير لربنا لانو هو الوحيد اللي بنفعني ,Negative,0.632
عم تتسول طيب أنت بهالحالة مستحيل ما يرق قلبك ,Negative,0.9042
وبركي بساعدك أنا كمان فيهـــون ، ,Positive,0.8175
شوكولا و أيام لزيزة ... و تسلاية و نهفات ... ,Positive,1.0
فا ما الحل للطالب الكسول والمشاغب ؟؟ ,Negative,0.7076
عطينا رغيف من عندك عمي بلو ، لنفعس فيه شوية «مكدوس» ,Neutral,0.4914
وما فيها رومنسية ,Negative,0.9056000000000001
حلو كتير الضوء المناسب في الزمان المناسب ... ,Positive,0.898
لانو اللي عم ترفضو هلأ بكرة رح يصير امر واقع بدليل عدد حالات الزواج المختلط المتزايدة ,Negative,0.9039
بس ماطلع معي بالكتب يللي قريتها هيك معلومات ,Negative,0.5006
واعمل ماشئت فانك مفارقه ..  ,Positive,0.4022
والله اني كريمة بعزمو ع بحر يافا ,Positive,0.9036000000000001
احنا ما كفرنا وما في حدا مخول يكفرني لانو هادا بأيد الله اوكي يعني ما تكفر حدا بعد هيك ياريت يا اخ ,Negative,0.6942
مشاركاتها روعة وحتى ردورها أحيانا بتتخيل أصيل عمرها ١٠ سنين بردودها وأحيانا بتقول هالبنت واعية وعمرها فوق ٢٥ من طريقة كلامها أو حتى كتاباتها البسيطة ,Positive,1.0
الحضارة الغربية اللي عم تدافعي عنا ,Negative,0.6930000000000001
بس ندمت كتير لما قريتا ,Negative,1.0
صار مع والدتي نزيف من أنفها فراحت على المشفى العسكري ,Negative,0.6954
عن هيك مواضيع وما بعرفوا يثيروا الرجل .. ,Negative,0.8106
تعال شراب كاسة كوكتيل من عند أخوك أبو البيس ,Positive,0.7988000000000001
شو رايكون مو ممكن هيك قرارات تعسفية ؟؟؟ ,Negative,0.9176000000000001
بس معايدتي طارت لعندك ,Positive,0.9028
بس يعني برأيك أنو المنتدى كلو هيك تسلاية و ضحك و لعب بيكون حلو ,Positive,0.5059
يعني بتحط رقمك الإمتحاني بيعطيك النتيجة ... ,Neutral,0.6014
لازم يتحجبو كل نساء العالم ... ,Positive,0.5496
او بتوقف لتشوف شو هي وهيك بيكونو استغنو عن المطبات والوحوادث ,Negative,0.6336
وما رح نخليكي لو حدك انا وخواتك جايينلك على المستشفى ,Positive,0.7983
وهي بتختلف من شخص لشخص هاد بالنسبة للسؤال لاول ,Neutral,0.6021000000000001
ههه هي مقصودة معلم .. مسكين هالزلمة راح فرق عملة يسلمو ايديك على هالمعلومات فعلا شر البلية ما يضحك مزون بكل الحب .. اودعناكم  ,Negative,0.5392
يعني ما في جلسة صبايا الا بقطعن في الف شخص ؟ ,Negative,0.7114
اهلين داليا ... نورتي وشرفتي يا رب كثر من الصبايا بهي المنتدي ,Positive,0.9115000000000001
قمت بسرعه سمعنا صوت قوي جاي من السما تاني حسيتها يوم القيامه ,Negative,0.8128000000000001
واديش عاملينله دعاية وبصوتو بكثافة مشان يفوز ،،، ,Negative,0.4495
انشالله تصيري رايقه ,Positive,0.8962
الله يورجينا الأحلام الحلوة . ,Positive,0.8275
السلام عليكم يعني بصراحة ١ جيجا كتير مغرية ,Positive,0.8091
وعقبال كل شي بتتمناه يتحقق ..  ,Positive,1.0
عوجة ، وبعمر عمرها مارح تصير مستقيمة الله اعلم أستغفره واتوب اليه ,Negative,0.9044000000000001
والله إزا هم بإرادتهم تركوها تتصرف براحتها  ,Neutral,0.40900000000000003
برافو عليك بس بنفس الوقت مامنشمل في بنات انسانات بكل معنى الكلمة ,Positive,0.6439
ومنحطن مراقبين على مدار الساعة معروفين ومحبوبين ومحبوبين ومحبوبين ,Positive,0.8099000000000001
وانشاالله بكون ورده جنبكم على هالأرض الطيبة شبابلك . ,Positive,1.0
مرة سوينا دورة و البروفسور اللي عم يسوي النا الدورة ,Neutral,0.5422
أكيد رح تحذفوها كل واحد أيد كلام الدكتورة ما عرفان ه، ,Negative,1.0
يعني قدرتك العقلية ما ركزت غير بنقطة ,Negative,0.895
وإنتو قاعدين عم تسألوا إذا بتجوز الرحمة عليه ؟؟؟ ,Negative,1.0
أنا سمعت عن هالتقرير لكن ممكن تخبرني من وين أخذتة .  ,Neutral,0.7112
السلام عليكم وهي اسم ولد داني حرف الياء سلام ,Neutral,0.5389
سؤالك بايخ مالو فكاهة ولامازية ,Negative,0.9094000000000001
أي والله حيرونا يوم له أضرار ويوم ماله ...  ,Negative,0.8049000000000001
وبعد هيك بتصير مشاريع كبيرة ,Positive,1.0
بدي أجي لعندك أشرب مية زمزم وآكل تمر وآخد مسبحة ... ,Positive,1.0
والعين والله نورت الموقع بوجودك خيّوو أنا من جديد مشتركة ,Positive,1.0
سلامات يا حلوين انا انضميت لالكن عن جديد ,Positive,1.0
أنا الاتصال عندي عن طريق جهاز كونيكت مومتذكرة شو اسم الشركة المصنعة اله ... ,Neutral,0.902
على كلن مامشكلة عنا مناطق أحلى من السوبر ماركت تبعك ,Negative,0.71
نامي فان لم تشبعي من صحوة فمن المنام ,Negative,0.4007
و ربي يقر عينك فيون ,Positive,1.0
رد عنيف احلقيلوااا نصيحة نصيحه مني خليه يغار عليك وفهمك كفايه عزيزتي الضحية يقول المثل إذا تعرضت لحادثة اغتصاب ولم تصتطيع ان تفلت فحاول ان تستمتع فارجو منك ان تحاولي التأقلم ريثما تصلين الى حل مناسب ,Negative,0.7243
وطبعاً جنيت على نفسي من يوم أفتحه .. ,Negative,1.0
والله بتجنن تسلميلي اهلين فيكي ميرا نورتينا ,Positive,1.0
وقلتلى ماراح تعيدها انا قدها ههه ,Positive,0.5011
الحكومة مالا علاقة ... ,Neutral,0.49
بروحوا عالغربة ليتمدنوا بيتفدنوا .. ,Negative,0.7927000000000001
يالله ... بكرا بيجي مدير جديد من الدقة القديمة وبيرجع بيمنع وخود بقى لغاية ما يفهم انه في شركة انترنت وليس في فرع مخابرات  ,Negative,0.7267
يختشي على هالغزة ما أزكاها ,Positive,0.6657000000000001
الله يرحمنا برحمته الي ما بيعرف قصة المثل يسال الي استحوا ماتوا ,Negative,0.6972
أهلا فيك زميل «DODOSeri» وشكرا عالقصيدة ... ,Positive,1.0
وطبعا اقعد عالنت وان مليت من الاتنين بحب اروح عالبحر صيفا شتاء ,Neutral,0.2913
بس مو انو ماعاد ترافقنا وتصير تخاف متل يلي سبقوك ... ,Negative,0.9074000000000001
يسلم سوس على الصور طلعو و اخيرا عندي بس على قولة شباب دائم ,Positive,0.8181
بس شوف الوضع عالارض شلون ,Negative,0.6109
أنا مو معك بهالتشاؤم من الحياة ,Positive,0.719
يعني الواحد يحكي ضميرو حلوين .. ,Positive,0.9029
الله يرحم ايام زمان ,Negative,0.44920000000000004
ورودي فـاطـبعي العَفْوَ جميلاً بجبيني و اسمعـيني .. ,Positive,0.9246000000000001
مش متحملينها عمتي  ,Negative,0.8294
ولو لقيت شب حلو اكيد اكيد رح يتعاكس ,Neutral,0.302
يا سلام راح اعملك محاضرة بعد شوي .. ,Positive,0.6259
فياريت اي واحد بيعرف بلد يحكي ,Positive,0.7036
و موكل الستات مصاصين دماء في كتير زوجات عايشين و رضيانين ,Negative,0.40740000000000004
و أنا أعجبت باسمه .. فدخلت له مسرعة ..  ,Positive,1.0
لأنو مرقت بالتجربة وفكرت فيها ولو بعد ما قطع عليها ٥ سنين، ,Positive,0.5085000000000001
والصديق المخلص نعيم الاخ العسكووور سمير المرحب دائما مونذر ,Positive,0.9001
مهما كانت الاسباب الي خلته يمد ايدو علي ,Negative,1.0
اويها وعروستنا حلوة وما بدها غندرة ,Positive,0.8992
يخرب بيتا هديك بكل برامج الفايروس ما كانت تطلع ,Negative,1.0
وأنا كمان ما بفوت على الغرف الصوتية ,Negative,0.5011
حاجي حكي فاضي معقول عاصفة بهل القوة ما تشيل الرصيف ,Negative,0.7153
واذا ما كان مبسوط يقول السبب ,Negative,0.4048
ماذا سوف يحصل شو بصير اذا كان شي سائق متخانق هو وزوجتو وشافو لشرطي غم بيصور شو ممكن يصيربعمو المصور غفو غمو الشرطي ,Negative,0.6033000000000001
يعني التنين ممكن يكونو بخلا و كذابين و ضعيفي الشخصية و الخ الخ ,Negative,0.8111
ساره شكرا شكرا والله خجلتوني ياجماعة شكرا الكم كتييي ييير ,Positive,1.0
ممكن شخص بيشتغل على حالو ومحظوظ ,Positive,0.594
والله بيستحق أنو الواحد يحملو ... ,Positive,0.9077000000000001
لك كل عااام وردتنا الغالية بألف ألف ألف خير وعئبال المية سنة يا رب وهدول الوردات بمناسبة عيد ميلادك بتمنى يعجبوكي الغضب  ,Positive,1.0
واعتبر انها هدية مني لمكشات العزيز و اخوني الاعضاء والزوار !!! ,Positive,1.0
الجنسية من دون ما توقع «إنت» بالخطأ . ,Neutral,0.6017
وحاسة حاله بالسجن ,Negative,1.0
بالذات مع الجاج واليخنه ,Neutral,0.45470000000000005
أنا أعشق كل ما يتعلق بالجينات .. ,Positive,1.0
عم تتخايل بكرا إنت إبنك عمرو ١١ ١٢ سنة فايت مدودخ عل بيت تسلّم علي عادي تشرب فنجان قهوة معو و تفوت تنام والله شكلو في أهل هيك ,Positive,0.48650000000000004
المسؤولين متلهم متل غيرهم يعني لاعندهم شي زيادة ولا ناقصصص شي . ,Neutral,0.4657
طلعت انا داخل سوري !! قصدي انت اليوم عنّا ...  ,Positive,0.49050000000000005
واااع كيف بدي اطلع طلعوووني ههه شي ما الي فيو ليش فتت من اصلو ,Negative,0.5741
و يرؤجى من الجميع المحاولة ,Positive,0.6992
بس لوتعرف شو نفسي انو عيش بهديك الأيام » ,Positive,0.7962
والله يا اخى هدا الكلام مو صحيح ,Negative,0.6436000000000001
انا بحييكم وبشكركم من قلبي والدنيا لسه بخير لانه في شباب طموح وشباب رافض للذ ل والظلم ,Positive,1.0
بيجمع كل العرب من الشرق للغرب ,Positive,1.0
وبعتبر الكل صح .. حتى يثبت الغلط .. ,Positive,0.6476000000000001
وكل المنافسات هلق بين السوق الداخلي والخارجي راح يكون لمصلحة المواطن ..  ,Positive,1.0
ان ياكل عني وقية من كنافة الأقصى ابعدبن ابنتحاسب ... ,Positive,0.4979
و اللهي اذا بدو يتزوج للمرة التانيه و انا بيتوجب علي اختيار احد الحلين ، ,Negative,0.4017
بلاش تكون أناني وخلي عندك روح التضحية يا أبو غيث ههه ,Positive,0.5392
واصلا مالازم تمر السيارات بالشارع كلو ,Negative,0.5471
ومدام عم تحكو عن الفلاح والحمار اسمعوا هلحزيرة شو الفرق بين الفلاح والفيزون ؟  ,Negative,0.5123
لكن وقت اللي اجيت عليها بعد فرقة سنة ونص ، ,Negative,0.45230000000000004
شكرا عالموضوع وصناعة الإعلانات في سوريا أثبتت أنها صناعة فاشلة وأفشل من صناعة العلكة كمان  ,Negative,0.8963000000000001
ولعيونك أحلى ضرب متة عالبلكون شي بيشيل الغصة من القلب .. ,Positive,0.9021
لانو إذا ما قاومناهم ووئفنا بوشن رح يستلمو الحكم ويحلئولنا .. ,Negative,0.6045
يلا ما عنا وقت دغري اغطسي بالمنتدى وورجينا ابداعاتك ..  ,Positive,0.7965
بس العن سوسة الاركيلة ... ,Negative,0.8136
انا قريبتي متزوجه من واحد كان فيو نفس صفات خطيبك ,Neutral,0.3685
لانو هيي هلا بالسن القانوني وبيها اذا مش هامو سعادتها ,Negative,0.6326
ولا انس عصايتو الطويلة ,Negative,0.7038
اس اس السلامو عليكو الغالية جورية ..  ,Positive,0.8242
معناها يا ريت ما تنتقد الشيخ اللي بيتزوج قاصر، لانوحر وعايش حيا ,Negative,0.6941
والنكتة انو وحدة من البنات الموجه خالها وهيي كانت قائدة الحملة ... ,Negative,0.8965000000000001
مما اضطرني الى حرقهاتصوروا ان اللهب ارتفع اعلى من البناية والدخان غطى الحي ,Negative,0.9089
ومأخوذين بتصرفات خارجية مبهرة ملهاش علاقة بالمعنى الحقيقي للنوايا الحقيقية  ,Negative,1.0
على هالطريق نفسو كنت مبارحة ومشيت ورا مرسيدس فيمه كامل ,Neutral,0.6344000000000001
وبيعملو شي مفيد لانو وزيادة علييهم الحيوانات .. ,Negative,0.605
تصميم ٢ أنا عجبني كتير وناوي احجزه للمدام المستقبلية ان شاء الله ,Positive,1.0
